380|262|2021-11-20-11:09:18.5700797-05:00
948|411|2021-11-20-11:09:18.5742044-05:00
687|1024|2021-11-20-11:09:18.5742852-05:00
1409|206|2021-11-20-11:09:18.5743146-05:00
218|824|2021-11-20-11:09:18.5743328-05:00
313|824|2021-11-20-11:09:18.5743508-05:00
461|1024|2021-11-20-11:09:18.5743803-05:00
1860|1082|2021-11-20-11:09:18.5744083-05:00
1296|597|2021-11-20-11:09:18.5744380-05:00
1394|713|2021-11-20-11:09:18.5744735-05:00
1862|1025|2021-11-20-11:09:18.5744916-05:00
1549|1025|2021-11-20-11:09:18.5745085-05:00
1567|18|2021-11-20-11:09:18.5745338-05:00
225|838|2021-11-20-11:09:18.5745514-05:00
1467|1025|2021-11-20-11:09:18.5745684-05:00
1917|1025|2021-11-20-11:09:18.5745868-05:00
897|1025|2021-11-20-11:09:18.5746040-05:00
1328|39|2021-11-20-11:09:18.5746209-05:00
417|1029|2021-11-20-11:09:18.5746378-05:00
1374|542|2021-11-20-11:09:18.5746549-05:00
1529|1013|2021-11-20-11:09:18.5746718-05:00
68|762|2021-11-20-11:09:18.5746895-05:00
904|595|2021-11-20-11:09:18.5747065-05:00
1376|1029|2021-11-20-11:09:18.5747235-05:00
1100|985|2021-11-20-11:09:18.5747405-05:00
1099|947|2021-11-20-11:09:18.5747574-05:00
403|1025|2021-11-20-11:09:18.5747742-05:00
1050|1029|2021-11-20-11:09:18.5747959-05:00
969|815|2021-11-20-11:09:18.5748137-05:00
948|1025|2021-11-20-11:09:18.5748316-05:00
1577|1025|2021-11-20-11:09:18.5748659-05:00
1010|1010|2021-11-20-11:09:18.5748838-05:00
370|1024|2021-11-20-11:09:18.5749010-05:00
904|1025|2021-11-20-11:09:18.5749180-05:00
1692|1025|2021-11-20-11:09:18.5749351-05:00
1091|81|2021-11-20-11:09:18.5749520-05:00
979|484|2021-11-20-11:09:18.5749688-05:00
1273|1025|2021-11-20-11:09:18.5749856-05:00
1789|1025|2021-11-20-11:09:18.5750029-05:00
1269|395|2021-11-20-11:09:18.5750198-05:00
787|1024|2021-11-20-11:09:18.5750367-05:00
666|706|2021-11-20-11:09:18.5750535-05:00
1619|1024|2021-11-20-11:09:18.5750703-05:00
541|602|2021-11-20-11:09:18.5750873-05:00
1364|48|2021-11-20-11:09:18.5751043-05:00
1136|1024|2021-11-20-11:09:18.5751210-05:00
1610|1024|2021-11-20-11:09:18.5751378-05:00
886|1024|2021-11-20-11:09:18.5751547-05:00
287|214|2021-11-20-11:09:18.5751715-05:00
1751|212|2021-11-20-11:09:18.5751884-05:00
38|101|2021-11-20-11:09:18.5752055-05:00
954|1024|2021-11-20-11:09:18.5752229-05:00
1478|1025|2021-11-20-11:09:18.5752398-05:00
265|1025|2021-11-20-11:09:18.5752566-05:00
424|1025|2021-11-20-11:09:18.5752735-05:00
312|690|2021-11-20-11:09:18.5752912-05:00
45|596|2021-11-20-11:09:18.5753081-05:00
1310|681|2021-11-20-11:09:18.5753251-05:00
309|1013|2021-11-20-11:09:18.5753422-05:00
1118|1013|2021-11-20-11:09:18.5753596-05:00
1909|961|2021-11-20-11:09:18.5753859-05:00
1410|171|2021-11-20-11:09:18.5754042-05:00
892|355|2021-11-20-11:09:18.5754213-05:00
349|1010|2021-11-20-11:09:18.5754385-05:00
1817|1010|2021-11-20-11:09:18.5754556-05:00
853|302|2021-11-20-11:09:18.5754726-05:00
1180|5|2021-11-20-11:09:18.5754897-05:00
663|181|2021-11-20-11:09:18.5755067-05:00
532|99|2021-11-20-11:09:18.5755236-05:00
376|1010|2021-11-20-11:09:18.5755405-05:00
938|1010|2021-11-20-11:09:18.5755575-05:00
1624|787|2021-11-20-11:09:18.5755744-05:00
1538|1010|2021-11-20-11:09:18.5755914-05:00
1148|1010|2021-11-20-11:09:18.5756084-05:00
588|1010|2021-11-20-11:09:18.5756255-05:00
864|715|2021-11-20-11:09:18.5756425-05:00
449|443|2021-11-20-11:09:18.5756596-05:00
363|74|2021-11-20-11:09:18.5756768-05:00
12|985|2021-11-20-11:09:18.5756941-05:00
1963|985|2021-11-20-11:09:18.5757109-05:00
1488|990|2021-11-20-11:09:18.5757276-05:00
1516|358|2021-11-20-11:09:18.5757444-05:00
764|493|2021-11-20-11:09:18.5757613-05:00
1217|613|2021-11-20-11:09:18.5757783-05:00
910|629|2021-11-20-11:09:18.5757956-05:00
623|985|2021-11-20-11:09:18.5758129-05:00
1531|985|2021-11-20-11:09:18.5758300-05:00
105|425|2021-11-20-11:09:18.5758471-05:00
480|479|2021-11-20-11:09:18.5758642-05:00
1380|961|2021-11-20-11:09:18.5758813-05:00
1046|601|2021-11-20-11:09:18.5758982-05:00
1669|961|2021-11-20-11:09:18.5759154-05:00
964|585|2021-11-20-11:09:18.5759326-05:00
672|961|2021-11-20-11:09:18.5759497-05:00
1359|984|2021-11-20-11:09:18.5759715-05:00
1376|985|2021-11-20-11:09:18.5759901-05:00
1774|29|2021-11-20-11:09:18.5760071-05:00
1271|985|2021-11-20-11:09:18.5760242-05:00
724|78|2021-11-20-11:09:18.5760412-05:00
512|790|2021-11-20-11:09:18.5760582-05:00
1955|961|2021-11-20-11:09:18.5760760-05:00
948|961|2021-11-20-11:09:18.5760931-05:00
354|984|2021-11-20-11:09:18.5761103-05:00
1910|703|2021-11-20-11:09:18.5761283-05:00
814|984|2021-11-20-11:09:18.5761456-05:00
414|371|2021-11-20-11:09:18.5761631-05:00
1416|591|2021-11-20-11:09:18.5761813-05:00
331|554|2021-11-20-11:09:18.5761998-05:00
1677|961|2021-11-20-11:09:18.5762183-05:00
1560|984|2021-11-20-11:09:18.5762365-05:00
1863|221|2021-11-20-11:09:18.5762537-05:00
1681|984|2021-11-20-11:09:18.5762711-05:00
1298|985|2021-11-20-11:09:18.5762886-05:00
345|592|2021-11-20-11:09:18.5763060-05:00
1629|985|2021-11-20-11:09:18.5763233-05:00
394|463|2021-11-20-11:09:18.5763405-05:00
647|128|2021-11-20-11:09:18.5763584-05:00
1674|985|2021-11-20-11:09:18.5763776-05:00
1438|985|2021-11-20-11:09:18.5763952-05:00
1194|179|2021-11-20-11:09:18.5764126-05:00
1321|984|2021-11-20-11:09:18.5764301-05:00
1076|28|2021-11-20-11:09:18.5764550-05:00
184|971|2021-11-20-11:09:18.5764727-05:00
1151|962|2021-11-20-11:09:18.5764898-05:00
1329|971|2021-11-20-11:09:18.5765071-05:00
1268|504|2021-11-20-11:09:18.5765245-05:00
660|728|2021-11-20-11:09:18.5765422-05:00
867|971|2021-11-20-11:09:18.5765592-05:00
1788|289|2021-11-20-11:09:18.5765768-05:00
1211|129|2021-11-20-11:09:18.5765939-05:00
1090|971|2021-11-20-11:09:18.5766109-05:00
1177|410|2021-11-20-11:09:18.5766290-05:00
1639|984|2021-11-20-11:09:18.5766465-05:00
1500|197|2021-11-20-11:09:18.5766634-05:00
9|971|2021-11-20-11:09:18.5766802-05:00
541|971|2021-11-20-11:09:18.5766971-05:00
1163|835|2021-11-20-11:09:18.5767150-05:00
853|106|2021-11-20-11:09:18.5767330-05:00
403|783|2021-11-20-11:09:18.5767507-05:00
497|321|2021-11-20-11:09:18.5767683-05:00
1207|793|2021-11-20-11:09:18.5767860-05:00
1201|961|2021-11-20-11:09:18.5768038-05:00
428|961|2021-11-20-11:09:18.5768206-05:00
920|962|2021-11-20-11:09:18.5768373-05:00
1516|149|2021-11-20-11:09:18.5768543-05:00
1365|94|2021-11-20-11:09:18.5768719-05:00
371|961|2021-11-20-11:09:18.5768889-05:00
619|961|2021-11-20-11:09:18.5769062-05:00
1042|930|2021-11-20-11:09:18.5769234-05:00
966|692|2021-11-20-11:09:18.5769407-05:00
730|738|2021-11-20-11:09:18.5769576-05:00
100|947|2021-11-20-11:09:18.5769744-05:00
1833|957|2021-11-20-11:09:18.5769912-05:00
1529|268|2021-11-20-11:09:18.5770081-05:00
1190|750|2021-11-20-11:09:18.5770253-05:00
880|350|2021-11-20-11:09:18.5770433-05:00
764|133|2021-11-20-11:09:18.5770924-05:00
1202|684|2021-11-20-11:09:18.5771121-05:00
581|799|2021-11-20-11:09:18.5771292-05:00
1545|408|2021-11-20-11:09:18.5771461-05:00
1753|930|2021-11-20-11:09:18.5771628-05:00
549|500|2021-11-20-11:09:18.5771797-05:00
542|92|2021-11-20-11:09:18.5771967-05:00
466|105|2021-11-20-11:09:18.5772136-05:00
471|329|2021-11-20-11:09:18.5772419-05:00
687|893|2021-11-20-11:09:18.5772594-05:00
43|893|2021-11-20-11:09:18.5772772-05:00
1798|909|2021-11-20-11:09:18.5772950-05:00
337|589|2021-11-20-11:09:18.5773123-05:00
1089|245|2021-11-20-11:09:18.5773291-05:00
1230|909|2021-11-20-11:09:18.5773461-05:00
1793|574|2021-11-20-11:09:18.5773653-05:00
1271|490|2021-11-20-11:09:18.5773832-05:00
941|670|2021-11-20-11:09:18.5774003-05:00
1987|65|2021-11-20-11:09:18.5774202-05:00
121|920|2021-11-20-11:09:18.5774385-05:00
648|920|2021-11-20-11:09:18.5774559-05:00
1264|923|2021-11-20-11:09:18.5774736-05:00
1634|930|2021-11-20-11:09:18.5774905-05:00
1964|930|2021-11-20-11:09:18.5775075-05:00
898|432|2021-11-20-11:09:18.5775246-05:00
41|930|2021-11-20-11:09:18.5775415-05:00
1824|930|2021-11-20-11:09:18.5775587-05:00
823|628|2021-11-20-11:09:18.5775757-05:00
481|716|2021-11-20-11:09:18.5775928-05:00
990|923|2021-11-20-11:09:18.5776100-05:00
1344|3|2021-11-20-11:09:18.5776271-05:00
111|593|2021-11-20-11:09:18.5776439-05:00
310|367|2021-11-20-11:09:18.5776607-05:00
1128|125|2021-11-20-11:09:18.5776777-05:00
1776|923|2021-11-20-11:09:18.5776955-05:00
1960|38|2021-11-20-11:09:18.5777128-05:00
272|923|2021-11-20-11:09:18.5777300-05:00
858|832|2021-11-20-11:09:18.5777476-05:00
744|165|2021-11-20-11:09:18.5777653-05:00
658|633|2021-11-20-11:09:18.5777830-05:00
659|124|2021-11-20-11:09:18.5778003-05:00
1961|535|2021-11-20-11:09:18.5778223-05:00
449|753|2021-11-20-11:09:18.5778399-05:00
830|278|2021-11-20-11:09:18.5778568-05:00
1323|909|2021-11-20-11:09:18.5778736-05:00
573|909|2021-11-20-11:09:18.5778992-05:00
283|255|2021-11-20-11:09:18.5779166-05:00
1953|722|2021-11-20-11:09:18.5779416-05:00
1735|433|2021-11-20-11:09:18.5779580-05:00
937|893|2021-11-20-11:09:18.5779738-05:00
828|648|2021-11-20-11:09:18.5779998-05:00
892|893|2021-11-20-11:09:18.5780268-05:00
1542|140|2021-11-20-11:09:18.5780533-05:00
1070|848|2021-11-20-11:09:18.5780881-05:00
233|893|2021-11-20-11:09:18.5781143-05:00
1500|290|2021-11-20-11:09:18.5781337-05:00
1568|893|2021-11-20-11:09:18.5781601-05:00
617|909|2021-11-20-11:09:18.5781864-05:00
648|920|2021-11-20-11:09:18.5782031-05:00
1712|514|2021-11-20-11:09:18.5782188-05:00
724|920|2021-11-20-11:09:18.5782346-05:00
1719|755|2021-11-20-11:09:18.5782505-05:00
1985|923|2021-11-20-11:09:18.5782930-05:00
1481|805|2021-11-20-11:09:18.5783162-05:00
1343|609|2021-11-20-11:09:18.5783477-05:00
1932|116|2021-11-20-11:09:18.5783663-05:00
1488|73|2021-11-20-11:09:18.5783954-05:00
1209|909|2021-11-20-11:09:18.5784121-05:00
1312|871|2021-11-20-11:09:18.5784277-05:00
1270|873|2021-11-20-11:09:18.5784432-05:00
1521|305|2021-11-20-11:09:18.5784701-05:00
414|871|2021-11-20-11:09:18.5784872-05:00
197|873|2021-11-20-11:09:18.5785042-05:00
1329|243|2021-11-20-11:09:18.5785322-05:00
1461|893|2021-11-20-11:09:18.5785617-05:00
686|900|2021-11-20-11:09:18.5785857-05:00
815|900|2021-11-20-11:09:18.5786039-05:00
805|909|2021-11-20-11:09:18.5786219-05:00
642|664|2021-11-20-11:09:18.5786396-05:00
325|909|2021-11-20-11:09:18.5786573-05:00
1758|920|2021-11-20-11:09:18.5787211-05:00
1871|920|2021-11-20-11:09:18.5787412-05:00
1088|920|2021-11-20-11:09:18.5787590-05:00
1544|920|2021-11-20-11:09:18.5787767-05:00
162|10|2021-11-20-11:09:18.5787937-05:00
452|536|2021-11-20-11:09:18.5788193-05:00
568|811|2021-11-20-11:09:18.5788369-05:00
1239|142|2021-11-20-11:09:18.5788538-05:00
895|900|2021-11-20-11:09:18.5788713-05:00
276|909|2021-11-20-11:09:18.5788892-05:00
393|920|2021-11-20-11:09:18.5789068-05:00
1655|112|2021-11-20-11:09:18.5789240-05:00
210|923|2021-11-20-11:09:18.5789408-05:00
1032|930|2021-11-20-11:09:18.5789575-05:00
1933|458|2021-11-20-11:09:18.5789745-05:00
940|150|2021-11-20-11:09:18.5790047-05:00
1976|923|2021-11-20-11:09:18.5790232-05:00
968|928|2021-11-20-11:09:18.5790407-05:00
1487|930|2021-11-20-11:09:18.5790579-05:00
1391|931|2021-11-20-11:09:18.5790748-05:00
1084|921|2021-11-20-11:09:18.5790922-05:00
1073|931|2021-11-20-11:09:18.5791094-05:00
641|875|2021-11-20-11:09:18.5791263-05:00
465|45|2021-11-20-11:09:18.5791434-05:00
1415|930|2021-11-20-11:09:18.5791616-05:00
415|931|2021-11-20-11:09:18.5791794-05:00
695|785|2021-11-20-11:09:18.5791973-05:00
213|936|2021-11-20-11:09:18.5792152-05:00
1608|626|2021-11-20-11:09:18.5792328-05:00
1547|947|2021-11-20-11:09:18.5792503-05:00
686|515|2021-11-20-11:09:18.5792677-05:00
763|936|2021-11-20-11:09:18.5792855-05:00
1975|233|2021-11-20-11:09:18.5793033-05:00
323|947|2021-11-20-11:09:18.5793206-05:00
1953|675|2021-11-20-11:09:18.5793377-05:00
853|947|2021-11-20-11:09:18.5793544-05:00
631|127|2021-11-20-11:09:18.5793724-05:00
442|240|2021-11-20-11:09:18.5793892-05:00
1319|819|2021-11-20-11:09:18.5794057-05:00
891|403|2021-11-20-11:09:18.5794278-05:00
1364|931|2021-11-20-11:09:18.5794450-05:00
250|97|2021-11-20-11:09:18.5794619-05:00
315|453|2021-11-20-11:09:18.5794785-05:00
1036|936|2021-11-20-11:09:18.5794960-05:00
878|947|2021-11-20-11:09:18.5795140-05:00
1866|949|2021-11-20-11:09:18.5795313-05:00
205|950|2021-11-20-11:09:18.5795488-05:00
1165|950|2021-11-20-11:09:18.5795661-05:00
1395|950|2021-11-20-11:09:18.5795837-05:00
522|324|2021-11-20-11:09:18.5796014-05:00
709|950|2021-11-20-11:09:18.5796184-05:00
1847|950|2021-11-20-11:09:18.5796355-05:00
1318|151|2021-11-20-11:09:18.5796519-05:00
1251|950|2021-11-20-11:09:18.5796683-05:00
1241|950|2021-11-20-11:09:18.5796846-05:00
686|842|2021-11-20-11:09:18.5797008-05:00
1231|950|2021-11-20-11:09:18.5797170-05:00
623|952|2021-11-20-11:09:18.5797340-05:00
129|952|2021-11-20-11:09:18.5797512-05:00
1747|957|2021-11-20-11:09:18.5797688-05:00
1756|237|2021-11-20-11:09:18.5797864-05:00
356|942|2021-11-20-11:09:18.5798038-05:00
1630|960|2021-11-20-11:09:18.5798212-05:00
1348|436|2021-11-20-11:09:18.5798387-05:00
1590|961|2021-11-20-11:09:18.5798559-05:00
1629|962|2021-11-20-11:09:18.5798728-05:00
1679|964|2021-11-20-11:09:18.5798898-05:00
1886|918|2021-11-20-11:09:18.5799071-05:00
1078|698|2021-11-20-11:09:18.5799241-05:00
1081|968|2021-11-20-11:09:18.5799407-05:00
309|971|2021-11-20-11:09:18.5799591-05:00
1535|977|2021-11-20-11:09:18.5799758-05:00
1648|876|2021-11-20-11:09:18.5799965-05:00
596|53|2021-11-20-11:09:18.5800130-05:00
27|971|2021-11-20-11:09:18.5800291-05:00
835|858|2021-11-20-11:09:18.5800450-05:00
759|971|2021-11-20-11:09:18.5800612-05:00
1604|665|2021-11-20-11:09:18.5800770-05:00
1586|977|2021-11-20-11:09:18.5800928-05:00
1549|865|2021-11-20-11:09:18.5801088-05:00
211|839|2021-11-20-11:09:18.5801247-05:00
1530|971|2021-11-20-11:09:18.5801408-05:00
817|723|2021-11-20-11:09:18.5801569-05:00
1087|971|2021-11-20-11:09:18.5801728-05:00
838|122|2021-11-20-11:09:18.5801887-05:00
839|971|2021-11-20-11:09:18.5802048-05:00
1445|700|2021-11-20-11:09:18.5802208-05:00
725|968|2021-11-20-11:09:18.5802368-05:00
1082|376|2021-11-20-11:09:18.5802530-05:00
1268|146|2021-11-20-11:09:18.5802691-05:00
1621|968|2021-11-20-11:09:18.5802856-05:00
8|298|2021-11-20-11:09:18.5803015-05:00
313|577|2021-11-20-11:09:18.5803174-05:00
1572|351|2021-11-20-11:09:18.5803330-05:00
1135|905|2021-11-20-11:09:18.5803488-05:00
1009|962|2021-11-20-11:09:18.5803668-05:00
619|879|2021-11-20-11:09:18.5803834-05:00
967|402|2021-11-20-11:09:18.5803993-05:00
1446|960|2021-11-20-11:09:18.5804155-05:00
1249|961|2021-11-20-11:09:18.5804314-05:00
187|239|2021-11-20-11:09:18.5804472-05:00
318|827|2021-11-20-11:09:18.5804630-05:00
87|731|2021-11-20-11:09:18.5804788-05:00
315|937|2021-11-20-11:09:18.5804946-05:00
213|957|2021-11-20-11:09:18.5805102-05:00
1174|960|2021-11-20-11:09:18.5805260-05:00
199|219|2021-11-20-11:09:18.5805453-05:00
723|960|2021-11-20-11:09:18.5805621-05:00
1224|961|2021-11-20-11:09:18.5805788-05:00
406|962|2021-11-20-11:09:18.5805945-05:00
1926|710|2021-11-20-11:09:18.5806101-05:00
1626|962|2021-11-20-11:09:18.5806258-05:00
1036|511|2021-11-20-11:09:18.5806414-05:00
580|962|2021-11-20-11:09:18.5806569-05:00
1537|962|2021-11-20-11:09:18.5806725-05:00
226|964|2021-11-20-11:09:18.5806880-05:00
1538|968|2021-11-20-11:09:18.5807046-05:00
543|968|2021-11-20-11:09:18.5807228-05:00
510|743|2021-11-20-11:09:18.5807395-05:00
752|969|2021-11-20-11:09:18.5807551-05:00
185|969|2021-11-20-11:09:18.5807706-05:00
955|694|2021-11-20-11:09:18.5807862-05:00
805|348|2021-11-20-11:09:18.5808019-05:00
1810|147|2021-11-20-11:09:18.5808178-05:00
1459|971|2021-11-20-11:09:18.5808339-05:00
301|922|2021-11-20-11:09:18.5808502-05:00
1223|971|2021-11-20-11:09:18.5808667-05:00
77|977|2021-11-20-11:09:18.5808823-05:00
1460|977|2021-11-20-11:09:18.5808981-05:00
1018|387|2021-11-20-11:09:18.5809142-05:00
216|977|2021-11-20-11:09:18.5809389-05:00
1792|977|2021-11-20-11:09:18.5809553-05:00
158|977|2021-11-20-11:09:18.5809711-05:00
338|977|2021-11-20-11:09:18.5809868-05:00
1362|978|2021-11-20-11:09:18.5810024-05:00
1892|611|2021-11-20-11:09:18.5810181-05:00
1443|979|2021-11-20-11:09:18.5810337-05:00
503|984|2021-11-20-11:09:18.5810500-05:00
875|856|2021-11-20-11:09:18.5810656-05:00
1664|333|2021-11-20-11:09:18.5810811-05:00
641|985|2021-11-20-11:09:18.5810965-05:00
723|987|2021-11-20-11:09:18.5811120-05:00
1501|322|2021-11-20-11:09:18.5811274-05:00
676|987|2021-11-20-11:09:18.5811428-05:00
1341|989|2021-11-20-11:09:18.5811591-05:00
1994|372|2021-11-20-11:09:18.5811748-05:00
972|987|2021-11-20-11:09:18.5811900-05:00
1732|924|2021-11-20-11:09:18.5812052-05:00
35|154|2021-11-20-11:09:18.5812201-05:00
909|984|2021-11-20-11:09:18.5812350-05:00
1471|984|2021-11-20-11:09:18.5812499-05:00
76|984|2021-11-20-11:09:18.5812646-05:00
457|509|2021-11-20-11:09:18.5812795-05:00
695|896|2021-11-20-11:09:18.5812945-05:00
1065|263|2021-11-20-11:09:18.5813093-05:00
1231|985|2021-11-20-11:09:18.5813239-05:00
1513|987|2021-11-20-11:09:18.5813387-05:00
277|989|2021-11-20-11:09:18.5813534-05:00
855|990|2021-11-20-11:09:18.5813718-05:00
1911|27|2021-11-20-11:09:18.5813870-05:00
1951|489|2021-11-20-11:09:18.5814017-05:00
122|772|2021-11-20-11:09:18.5814164-05:00
1262|987|2021-11-20-11:09:18.5814310-05:00
206|854|2021-11-20-11:09:18.5814515-05:00
190|864|2021-11-20-11:09:18.5814672-05:00
135|984|2021-11-20-11:09:18.5814819-05:00
1469|32|2021-11-20-11:09:18.5814967-05:00
699|979|2021-11-20-11:09:18.5815113-05:00
1217|234|2021-11-20-11:09:18.5815259-05:00
1644|419|2021-11-20-11:09:18.5815405-05:00
783|673|2021-11-20-11:09:18.5815550-05:00
1035|984|2021-11-20-11:09:18.5815699-05:00
1668|774|2021-11-20-11:09:18.5815850-05:00
846|812|2021-11-20-11:09:18.5816000-05:00
111|754|2021-11-20-11:09:18.5816149-05:00
1461|943|2021-11-20-11:09:18.5816298-05:00
1454|311|2021-11-20-11:09:18.5816449-05:00
129|985|2021-11-20-11:09:18.5816604-05:00
469|987|2021-11-20-11:09:18.5816760-05:00
1464|987|2021-11-20-11:09:18.5816909-05:00
1329|190|2021-11-20-11:09:18.5817060-05:00
1490|919|2021-11-20-11:09:18.5817216-05:00
42|447|2021-11-20-11:09:18.5817378-05:00
551|985|2021-11-20-11:09:18.5817536-05:00
1547|987|2021-11-20-11:09:18.5817691-05:00
141|987|2021-11-20-11:09:18.5817843-05:00
1335|987|2021-11-20-11:09:18.5817999-05:00
1463|987|2021-11-20-11:09:18.5818151-05:00
1273|567|2021-11-20-11:09:18.5818301-05:00
131|571|2021-11-20-11:09:18.5818447-05:00
380|985|2021-11-20-11:09:18.5818667-05:00
1167|30|2021-11-20-11:09:18.5818821-05:00
1647|985|2021-11-20-11:09:18.5818969-05:00
964|216|2021-11-20-11:09:18.5819202-05:00
1713|204|2021-11-20-11:09:18.5819354-05:00
520|984|2021-11-20-11:09:18.5819507-05:00
1460|79|2021-11-20-11:09:18.5819659-05:00
1295|985|2021-11-20-11:09:18.5819813-05:00
486|910|2021-11-20-11:09:18.5819963-05:00
1207|985|2021-11-20-11:09:18.5820113-05:00
526|987|2021-11-20-11:09:18.5820265-05:00
274|766|2021-11-20-11:09:18.5820413-05:00
516|680|2021-11-20-11:09:18.5820564-05:00
391|98|2021-11-20-11:09:18.5820712-05:00
127|987|2021-11-20-11:09:18.5820859-05:00
436|945|2021-11-20-11:09:18.5821010-05:00
408|987|2021-11-20-11:09:18.5821160-05:00
1611|989|2021-11-20-11:09:18.5821305-05:00
584|126|2021-11-20-11:09:18.5821472-05:00
1603|553|2021-11-20-11:09:18.5821618-05:00
1777|990|2021-11-20-11:09:18.5821760-05:00
1384|990|2021-11-20-11:09:18.5821903-05:00
1807|990|2021-11-20-11:09:18.5822044-05:00
1390|992|2021-11-20-11:09:18.5822185-05:00
582|995|2021-11-20-11:09:18.5822324-05:00
461|997|2021-11-20-11:09:18.5822464-05:00
80|299|2021-11-20-11:09:18.5822602-05:00
711|717|2021-11-20-11:09:18.5822742-05:00
658|110|2021-11-20-11:09:18.5822881-05:00
50|512|2021-11-20-11:09:18.5823021-05:00
800|992|2021-11-20-11:09:18.5823160-05:00
6|614|2021-11-20-11:09:18.5823300-05:00
1425|992|2021-11-20-11:09:18.5823438-05:00
1086|100|2021-11-20-11:09:18.5823596-05:00
1264|637|2021-11-20-11:09:18.5823980-05:00
1615|416|2021-11-20-11:09:18.5824138-05:00
1388|992|2021-11-20-11:09:18.5824277-05:00
704|230|2021-11-20-11:09:18.5824417-05:00
1132|995|2021-11-20-11:09:18.5824556-05:00
1591|869|2021-11-20-11:09:18.5824695-05:00
1|974|2021-11-20-11:09:18.5824834-05:00
159|995|2021-11-20-11:09:18.5824971-05:00
1643|995|2021-11-20-11:09:18.5825109-05:00
1262|996|2021-11-20-11:09:18.5825246-05:00
939|439|2021-11-20-11:09:18.5825389-05:00
1056|996|2021-11-20-11:09:18.5825533-05:00
975|996|2021-11-20-11:09:18.5825680-05:00
1651|996|2021-11-20-11:09:18.5825822-05:00
425|136|2021-11-20-11:09:18.5825962-05:00
1112|995|2021-11-20-11:09:18.5826102-05:00
1733|996|2021-11-20-11:09:18.5826239-05:00
1724|997|2021-11-20-11:09:18.5826375-05:00
879|646|2021-11-20-11:09:18.5826512-05:00
1669|44|2021-11-20-11:09:18.5826648-05:00
354|963|2021-11-20-11:09:18.5826783-05:00
996|788|2021-11-20-11:09:18.5826918-05:00
1359|995|2021-11-20-11:09:18.5827054-05:00
257|995|2021-11-20-11:09:18.5827189-05:00
383|656|2021-11-20-11:09:18.5827323-05:00
1252|996|2021-11-20-11:09:18.5827457-05:00
440|997|2021-11-20-11:09:18.5827590-05:00
750|525|2021-11-20-11:09:18.5827723-05:00
637|570|2021-11-20-11:09:18.5827858-05:00
437|997|2021-11-20-11:09:18.5827989-05:00
407|187|2021-11-20-11:09:18.5828122-05:00
521|982|2021-11-20-11:09:18.5828275-05:00
848|335|2021-11-20-11:09:18.5828412-05:00
1429|495|2021-11-20-11:09:18.5828590-05:00
1126|855|2021-11-20-11:09:18.5828729-05:00
511|301|2021-11-20-11:09:18.5828863-05:00
1048|992|2021-11-20-11:09:18.5828999-05:00
1703|995|2021-11-20-11:09:18.5829134-05:00
479|317|2021-11-20-11:09:18.5829269-05:00
993|889|2021-11-20-11:09:18.5829403-05:00
1602|563|2021-11-20-11:09:18.5829539-05:00
1618|989|2021-11-20-11:09:18.5829677-05:00
1741|903|2021-11-20-11:09:18.5829813-05:00
546|71|2021-11-20-11:09:18.5829947-05:00
452|485|2021-11-20-11:09:18.5830084-05:00
1525|987|2021-11-20-11:09:18.5830218-05:00
1486|732|2021-11-20-11:09:18.5830354-05:00
428|176|2021-11-20-11:09:18.5830489-05:00
287|644|2021-11-20-11:09:18.5830622-05:00
1546|987|2021-11-20-11:09:18.5830755-05:00
316|478|2021-11-20-11:09:18.5830888-05:00
1075|280|2021-11-20-11:09:18.5831022-05:00
1126|987|2021-11-20-11:09:18.5831155-05:00
1755|987|2021-11-20-11:09:18.5831288-05:00
733|987|2021-11-20-11:09:18.5831422-05:00
269|989|2021-11-20-11:09:18.5831556-05:00
256|990|2021-11-20-11:09:18.5831691-05:00
1131|400|2021-11-20-11:09:18.5831825-05:00
322|992|2021-11-20-11:09:18.5831959-05:00
1880|992|2021-11-20-11:09:18.5832096-05:00
1151|992|2021-11-20-11:09:18.5832236-05:00
1251|992|2021-11-20-11:09:18.5832369-05:00
1521|929|2021-11-20-11:09:18.5832501-05:00
1206|62|2021-11-20-11:09:18.5832634-05:00
855|992|2021-11-20-11:09:18.5832766-05:00
418|220|2021-11-20-11:09:18.5832899-05:00
209|990|2021-11-20-11:09:18.5833031-05:00
1545|990|2021-11-20-11:09:18.5833209-05:00
525|415|2021-11-20-11:09:18.5833346-05:00
1913|992|2021-11-20-11:09:18.5833485-05:00
64|418|2021-11-20-11:09:18.5833628-05:00
31|990|2021-11-20-11:09:18.5833760-05:00
1245|581|2021-11-20-11:09:18.5833891-05:00
1886|866|2021-11-20-11:09:18.5834022-05:00
68|736|2021-11-20-11:09:18.5834158-05:00
735|989|2021-11-20-11:09:18.5834290-05:00
1254|989|2021-11-20-11:09:18.5834422-05:00
814|857|2021-11-20-11:09:18.5834554-05:00
1804|60|2021-11-20-11:09:18.5834703-05:00
857|990|2021-11-20-11:09:18.5834838-05:00
1766|837|2021-11-20-11:09:18.5834976-05:00
12|699|2021-11-20-11:09:18.5835114-05:00
463|990|2021-11-20-11:09:18.5835248-05:00
1090|582|2021-11-20-11:09:18.5835385-05:00
121|989|2021-11-20-11:09:18.5835520-05:00
1331|990|2021-11-20-11:09:18.5835658-05:00
1394|990|2021-11-20-11:09:18.5835792-05:00
1092|992|2021-11-20-11:09:18.5835929-05:00
697|995|2021-11-20-11:09:18.5836062-05:00
858|519|2021-11-20-11:09:18.5836196-05:00
256|995|2021-11-20-11:09:18.5836333-05:00
1917|69|2021-11-20-11:09:18.5836470-05:00
1381|853|2021-11-20-11:09:18.5836607-05:00
599|541|2021-11-20-11:09:18.5836742-05:00
1841|63|2021-11-20-11:09:18.5836873-05:00
352|976|2021-11-20-11:09:18.5837001-05:00
97|989|2021-11-20-11:09:18.5837128-05:00
535|990|2021-11-20-11:09:18.5837254-05:00
1690|992|2021-11-20-11:09:18.5837380-05:00
35|992|2021-11-20-11:09:18.5837506-05:00
1317|995|2021-11-20-11:09:18.5837638-05:00
1940|995|2021-11-20-11:09:18.5837766-05:00
1903|996|2021-11-20-11:09:18.5837893-05:00
374|653|2021-11-20-11:09:18.5838019-05:00
1483|997|2021-11-20-11:09:18.5838146-05:00
286|380|2021-11-20-11:09:18.5838273-05:00
1830|695|2021-11-20-11:09:18.5838398-05:00
1240|254|2021-11-20-11:09:18.5838523-05:00
1688|786|2021-11-20-11:09:18.5838722-05:00
1997|607|2021-11-20-11:09:18.5838858-05:00
1014|266|2021-11-20-11:09:18.5838986-05:00
1442|494|2021-11-20-11:09:18.5839200-05:00
1326|421|2021-11-20-11:09:18.5839330-05:00
1465|406|2021-11-20-11:09:18.5839453-05:00
115|789|2021-11-20-11:09:18.5839575-05:00
1140|996|2021-11-20-11:09:18.5839696-05:00
788|996|2021-11-20-11:09:18.5839818-05:00
432|180|2021-11-20-11:09:18.5839938-05:00
1086|995|2021-11-20-11:09:18.5840057-05:00
1523|995|2021-11-20-11:09:18.5840178-05:00
1024|996|2021-11-20-11:09:18.5840297-05:00
1116|996|2021-11-20-11:09:18.5840417-05:00
849|996|2021-11-20-11:09:18.5840539-05:00
1667|523|2021-11-20-11:09:18.5840661-05:00
1658|997|2021-11-20-11:09:18.5840783-05:00
147|792|2021-11-20-11:09:18.5840904-05:00
649|1000|2021-11-20-11:09:18.5841024-05:00
647|1003|2021-11-20-11:09:18.5841145-05:00
46|1004|2021-11-20-11:09:18.5841265-05:00
1716|939|2021-11-20-11:09:18.5841385-05:00
639|817|2021-11-20-11:09:18.5841506-05:00
720|1004|2021-11-20-11:09:18.5841627-05:00
1124|1006|2021-11-20-11:09:18.5841749-05:00
1770|1007|2021-11-20-11:09:18.5841869-05:00
1539|96|2021-11-20-11:09:18.5841988-05:00
1825|139|2021-11-20-11:09:18.5842106-05:00
109|814|2021-11-20-11:09:18.5842224-05:00
90|1006|2021-11-20-11:09:18.5842341-05:00
1607|1007|2021-11-20-11:09:18.5842460-05:00
1834|1007|2021-11-20-11:09:18.5842579-05:00
1501|1007|2021-11-20-11:09:18.5842698-05:00
154|292|2021-11-20-11:09:18.5842859-05:00
1403|1007|2021-11-20-11:09:18.5842984-05:00
699|1007|2021-11-20-11:09:18.5843103-05:00
1843|1010|2021-11-20-11:09:18.5843222-05:00
813|993|2021-11-20-11:09:18.5843341-05:00
591|1007|2021-11-20-11:09:18.5843460-05:00
1916|820|2021-11-20-11:09:18.5843590-05:00
484|1007|2021-11-20-11:09:18.5843710-05:00
701|401|2021-11-20-11:09:18.5843829-05:00
1563|1006|2021-11-20-11:09:18.5844013-05:00
1665|1006|2021-11-20-11:09:18.5844141-05:00
1449|1006|2021-11-20-11:09:18.5844269-05:00
167|537|2021-11-20-11:09:18.5844393-05:00
1010|13|2021-11-20-11:09:18.5844513-05:00
201|446|2021-11-20-11:09:18.5844632-05:00
1091|26|2021-11-20-11:09:18.5844750-05:00
237|256|2021-11-20-11:09:18.5844867-05:00
715|598|2021-11-20-11:09:18.5844984-05:00
1336|1000|2021-11-20-11:09:18.5845100-05:00
1636|287|2021-11-20-11:09:18.5845218-05:00
1183|727|2021-11-20-11:09:18.5845335-05:00
1195|427|2021-11-20-11:09:18.5845452-05:00
1972|306|2021-11-20-11:09:18.5845569-05:00
1359|156|2021-11-20-11:09:18.5845686-05:00
295|222|2021-11-20-11:09:18.5845803-05:00
318|997|2021-11-20-11:09:18.5845919-05:00
1555|1000|2021-11-20-11:09:18.5846035-05:00
1925|1000|2021-11-20-11:09:18.5846151-05:00
289|238|2021-11-20-11:09:18.5846268-05:00
1031|997|2021-11-20-11:09:18.5846385-05:00
699|997|2021-11-20-11:09:18.5846501-05:00
824|1000|2021-11-20-11:09:18.5846618-05:00
1251|35|2021-11-20-11:09:18.5846734-05:00
23|1003|2021-11-20-11:09:18.5846848-05:00
870|4|2021-11-20-11:09:18.5846964-05:00
1713|588|2021-11-20-11:09:18.5847079-05:00
151|161|2021-11-20-11:09:18.5847194-05:00
1823|1000|2021-11-20-11:09:18.5847309-05:00
845|1003|2021-11-20-11:09:18.5847426-05:00
1555|426|2021-11-20-11:09:18.5847542-05:00
733|623|2021-11-20-11:09:18.5847658-05:00
163|1003|2021-11-20-11:09:18.5847775-05:00
1344|1004|2021-11-20-11:09:18.5847891-05:00
153|1004|2021-11-20-11:09:18.5848054-05:00
973|895|2021-11-20-11:09:18.5848177-05:00
1270|1004|2021-11-20-11:09:18.5848296-05:00
957|1004|2021-11-20-11:09:18.5848419-05:00
760|980|2021-11-20-11:09:18.5848535-05:00
1339|40|2021-11-20-11:09:18.5848650-05:00
734|86|2021-11-20-11:09:18.5848764-05:00
1872|34|2021-11-20-11:09:18.5848877-05:00
1374|1004|2021-11-20-11:09:18.5848991-05:00
272|568|2021-11-20-11:09:18.5849104-05:00
199|1003|2021-11-20-11:09:18.5849216-05:00
318|965|2021-11-20-11:09:18.5849333-05:00
959|652|2021-11-20-11:09:18.5849458-05:00
1431|455|2021-11-20-11:09:18.5849581-05:00
1340|1003|2021-11-20-11:09:18.5849701-05:00
1549|1003|2021-11-20-11:09:18.5849814-05:00
496|1003|2021-11-20-11:09:18.5849924-05:00
1035|576|2021-11-20-11:09:18.5850036-05:00
1990|1004|2021-11-20-11:09:18.5850146-05:00
196|251|2021-11-20-11:09:18.5850256-05:00
1669|1006|2021-11-20-11:09:18.5850369-05:00
865|231|2021-11-20-11:09:18.5850482-05:00
842|1004|2021-11-20-11:09:18.5850594-05:00
199|1004|2021-11-20-11:09:18.5850708-05:00
145|1006|2021-11-20-11:09:18.5850820-05:00
140|1007|2021-11-20-11:09:18.5850931-05:00
488|760|2021-11-20-11:09:18.5851045-05:00
941|1007|2021-11-20-11:09:18.5851157-05:00
413|451|2021-11-20-11:09:18.5851268-05:00
1870|1010|2021-11-20-11:09:18.5851379-05:00
1780|450|2021-11-20-11:09:18.5851489-05:00
904|1007|2021-11-20-11:09:18.5851602-05:00
1021|1007|2021-11-20-11:09:18.5851712-05:00
1850|1010|2021-11-20-11:09:18.5851875-05:00
1820|141|2021-11-20-11:09:18.5852015-05:00
386|1007|2021-11-20-11:09:18.5852139-05:00
1024|249|2021-11-20-11:09:18.5852258-05:00
1361|1007|2021-11-20-11:09:18.5852378-05:00
795|1007|2021-11-20-11:09:18.5852493-05:00
586|1007|2021-11-20-11:09:18.5852610-05:00
1555|58|2021-11-20-11:09:18.5852724-05:00
1159|1006|2021-11-20-11:09:18.5852834-05:00
1324|1006|2021-11-20-11:09:18.5852944-05:00
553|1006|2021-11-20-11:09:18.5853055-05:00
1053|1006|2021-11-20-11:09:18.5853166-05:00
1704|1007|2021-11-20-11:09:18.5853275-05:00
1910|1007|2021-11-20-11:09:18.5853385-05:00
283|1010|2021-11-20-11:09:18.5853494-05:00
810|325|2021-11-20-11:09:18.5853614-05:00
275|829|2021-11-20-11:09:18.5853724-05:00
350|938|2021-11-20-11:09:18.5853831-05:00
521|1004|2021-11-20-11:09:18.5853939-05:00
743|1006|2021-11-20-11:09:18.5854046-05:00
1967|944|2021-11-20-11:09:18.5854154-05:00
1674|1007|2021-11-20-11:09:18.5854262-05:00
1288|1007|2021-11-20-11:09:18.5854370-05:00
132|1010|2021-11-20-11:09:18.5854478-05:00
1072|370|2021-11-20-11:09:18.5854587-05:00
812|1013|2021-11-20-11:09:18.5854695-05:00
620|801|2021-11-20-11:09:18.5854802-05:00
852|1017|2021-11-20-11:09:18.5854908-05:00
1792|1019|2021-11-20-11:09:18.5855016-05:00
1459|765|2021-11-20-11:09:18.5855123-05:00
1503|1019|2021-11-20-11:09:18.5855230-05:00
491|1019|2021-11-20-11:09:18.5855340-05:00
1294|448|2021-11-20-11:09:18.5855446-05:00
1297|1020|2021-11-20-11:09:18.5855600-05:00
1109|1021|2021-11-20-11:09:18.5855714-05:00
1611|1022|2021-11-20-11:09:18.5855823-05:00
954|894|2021-11-20-11:09:18.5855938-05:00
525|1022|2021-11-20-11:09:18.5856049-05:00
1134|959|2021-11-20-11:09:18.5856163-05:00
240|1022|2021-11-20-11:09:18.5856269-05:00
1404|672|2021-11-20-11:09:18.5856371-05:00
640|1022|2021-11-20-11:09:18.5856475-05:00
511|773|2021-11-20-11:09:18.5856577-05:00
1540|1022|2021-11-20-11:09:18.5856680-05:00
289|412|2021-11-20-11:09:18.5856782-05:00
1146|913|2021-11-20-11:09:18.5856894-05:00
441|272|2021-11-20-11:09:18.5857001-05:00
230|118|2021-11-20-11:09:18.5857130-05:00
206|195|2021-11-20-11:09:18.5857238-05:00
132|456|2021-11-20-11:09:18.5857342-05:00
138|295|2021-11-20-11:09:18.5857444-05:00
1521|441|2021-11-20-11:09:18.5857547-05:00
1260|586|2021-11-20-11:09:18.5857650-05:00
161|428|2021-11-20-11:09:18.5857753-05:00
1053|1013|2021-11-20-11:09:18.5857854-05:00
176|158|2021-11-20-11:09:18.5857956-05:00
532|704|2021-11-20-11:09:18.5858057-05:00
255|420|2021-11-20-11:09:18.5858158-05:00
1952|863|2021-11-20-11:09:18.5858260-05:00
549|413|2021-11-20-11:09:18.5858363-05:00
175|460|2021-11-20-11:09:18.5858466-05:00
1734|1010|2021-11-20-11:09:18.5858570-05:00
1762|830|2021-11-20-11:09:18.5858674-05:00
1699|76|2021-11-20-11:09:18.5858778-05:00
1820|1007|2021-11-20-11:09:18.5858881-05:00
63|1007|2021-11-20-11:09:18.5858984-05:00
1758|184|2021-11-20-11:09:18.5859113-05:00
407|1006|2021-11-20-11:09:18.5859220-05:00
802|1006|2021-11-20-11:09:18.5859323-05:00
671|906|2021-11-20-11:09:18.5859426-05:00
1856|533|2021-11-20-11:09:18.5859528-05:00
1750|87|2021-11-20-11:09:18.5859629-05:00
1215|1003|2021-11-20-11:09:18.5859731-05:00
281|203|2021-11-20-11:09:18.5859832-05:00
1338|159|2021-11-20-11:09:18.5859933-05:00
1327|1000|2021-11-20-11:09:18.5860034-05:00
1164|1000|2021-11-20-11:09:18.5860134-05:00
1747|1000|2021-11-20-11:09:18.5860235-05:00
1842|1000|2021-11-20-11:09:18.5860336-05:00
1926|1001|2021-11-20-11:09:18.5860437-05:00
372|1001|2021-11-20-11:09:18.5860537-05:00
391|1001|2021-11-20-11:09:18.5860638-05:00
647|211|2021-11-20-11:09:18.5860739-05:00
1661|476|2021-11-20-11:09:18.5860840-05:00
1321|269|2021-11-20-11:09:18.5860941-05:00
1982|1000|2021-11-20-11:09:18.5861041-05:00
1230|1001|2021-11-20-11:09:18.5861141-05:00
1134|956|2021-11-20-11:09:18.5861242-05:00
244|1000|2021-11-20-11:09:18.5861342-05:00
933|1000|2021-11-20-11:09:18.5861442-05:00
1079|59|2021-11-20-11:09:18.5861543-05:00
699|225|2021-11-20-11:09:18.5861644-05:00
572|997|2021-11-20-11:09:18.5861810-05:00
585|958|2021-11-20-11:09:18.5861922-05:00
65|840|2021-11-20-11:09:18.5862034-05:00
1670|997|2021-11-20-11:09:18.5862144-05:00
877|997|2021-11-20-11:09:18.5862253-05:00
811|496|2021-11-20-11:09:18.5862360-05:00
1720|482|2021-11-20-11:09:18.5862469-05:00
227|338|2021-11-20-11:09:18.5862578-05:00
1387|995|2021-11-20-11:09:18.5862689-05:00
34|691|2021-11-20-11:09:18.5862796-05:00
1427|995|2021-11-20-11:09:18.5862899-05:00
1534|784|2021-11-20-11:09:18.5863002-05:00
275|15|2021-11-20-11:09:18.5863106-05:00
388|422|2021-11-20-11:09:18.5863209-05:00
307|993|2021-11-20-11:09:18.5863312-05:00
980|293|2021-11-20-11:09:18.5863414-05:00
823|995|2021-11-20-11:09:18.5863516-05:00
1725|995|2021-11-20-11:09:18.5863822-05:00
1012|444|2021-11-20-11:09:18.5864105-05:00
785|995|2021-11-20-11:09:18.5864260-05:00
413|296|2021-11-20-11:09:18.5864370-05:00
27|696|2021-11-20-11:09:18.5864479-05:00
178|323|2021-11-20-11:09:18.5864586-05:00
1784|992|2021-11-20-11:09:18.5864868-05:00
1088|277|2021-11-20-11:09:18.5864985-05:00
102|666|2021-11-20-11:09:18.5865093-05:00
378|499|2021-11-20-11:09:18.5865198-05:00
1837|990|2021-11-20-11:09:18.5865299-05:00
832|908|2021-11-20-11:09:18.5865400-05:00
625|992|2021-11-20-11:09:18.5865501-05:00
164|397|2021-11-20-11:09:18.5865603-05:00
1869|993|2021-11-20-11:09:18.5865705-05:00
1592|281|2021-11-20-11:09:18.5865808-05:00
1158|658|2021-11-20-11:09:18.5865909-05:00
1178|134|2021-11-20-11:09:18.5866009-05:00
630|992|2021-11-20-11:09:18.5866108-05:00
216|992|2021-11-20-11:09:18.5866206-05:00
1668|993|2021-11-20-11:09:18.5866305-05:00
451|995|2021-11-20-11:09:18.5866402-05:00
353|730|2021-11-20-11:09:18.5866499-05:00
27|995|2021-11-20-11:09:18.5866596-05:00
1615|132|2021-11-20-11:09:18.5866692-05:00
539|627|2021-11-20-11:09:18.5866790-05:00
338|996|2021-11-20-11:09:18.5866889-05:00
964|997|2021-11-20-11:09:18.5866986-05:00
1112|1000|2021-11-20-11:09:18.5867082-05:00
1386|54|2021-11-20-11:09:18.5867178-05:00
934|1000|2021-11-20-11:09:18.5867283-05:00
1676|884|2021-11-20-11:09:18.5867387-05:00
251|389|2021-11-20-11:09:18.5867490-05:00
311|1000|2021-11-20-11:09:18.5867593-05:00
518|344|2021-11-20-11:09:18.5867695-05:00
1921|997|2021-11-20-11:09:18.5867826-05:00
295|471|2021-11-20-11:09:18.5867936-05:00
286|1000|2021-11-20-11:09:18.5868036-05:00
545|473|2021-11-20-11:09:18.5868135-05:00
408|1000|2021-11-20-11:09:18.5868232-05:00
281|850|2021-11-20-11:09:18.5868377-05:00
582|1000|2021-11-20-11:09:18.5868478-05:00
776|1001|2021-11-20-11:09:18.5868574-05:00
433|946|2021-11-20-11:09:18.5868669-05:00
1882|1000|2021-11-20-11:09:18.5868764-05:00
1395|152|2021-11-20-11:09:18.5868858-05:00
763|659|2021-11-20-11:09:18.5868950-05:00
1870|144|2021-11-20-11:09:18.5869044-05:00
1558|279|2021-11-20-11:09:18.5869137-05:00
1941|995|2021-11-20-11:09:18.5869232-05:00
1117|995|2021-11-20-11:09:18.5869325-05:00
1209|995|2021-11-20-11:09:18.5869419-05:00
1676|252|2021-11-20-11:09:18.5869512-05:00
764|995|2021-11-20-11:09:18.5869606-05:00
1154|11|2021-11-20-11:09:18.5869699-05:00
1275|995|2021-11-20-11:09:18.5869794-05:00
659|995|2021-11-20-11:09:18.5869888-05:00
758|995|2021-11-20-11:09:18.5869982-05:00
797|120|2021-11-20-11:09:18.5870078-05:00
1488|995|2021-11-20-11:09:18.5870181-05:00
1840|940|2021-11-20-11:09:18.5870283-05:00
820|686|2021-11-20-11:09:18.5870383-05:00
1975|313|2021-11-20-11:09:18.5870481-05:00
715|992|2021-11-20-11:09:18.5870578-05:00
1444|992|2021-11-20-11:09:18.5870678-05:00
162|993|2021-11-20-11:09:18.5870774-05:00
581|995|2021-11-20-11:09:18.5870872-05:00
314|93|2021-11-20-11:09:18.5870968-05:00
1645|912|2021-11-20-11:09:18.5871064-05:00
1948|993|2021-11-20-11:09:18.5871163-05:00
1298|932|2021-11-20-11:09:18.5871263-05:00
872|711|2021-11-20-11:09:18.5871359-05:00
633|992|2021-11-20-11:09:18.5871458-05:00
223|157|2021-11-20-11:09:18.5871598-05:00
1935|992|2021-11-20-11:09:18.5871696-05:00
1086|779|2021-11-20-11:09:18.5871788-05:00
1674|993|2021-11-20-11:09:18.5871880-05:00
1920|995|2021-11-20-11:09:18.5871972-05:00
145|50|2021-11-20-11:09:18.5872065-05:00
221|995|2021-11-20-11:09:18.5872157-05:00
1775|996|2021-11-20-11:09:18.5872251-05:00
468|997|2021-11-20-11:09:18.5872346-05:00
1405|247|2021-11-20-11:09:18.5872459-05:00
1171|997|2021-11-20-11:09:18.5872558-05:00
270|285|2021-11-20-11:09:18.5872654-05:00
1724|996|2021-11-20-11:09:18.5872752-05:00
1999|996|2021-11-20-11:09:18.5872848-05:00
1487|996|2021-11-20-11:09:18.5872938-05:00
1157|679|2021-11-20-11:09:18.5873029-05:00
1242|995|2021-11-20-11:09:18.5873119-05:00
1262|145|2021-11-20-11:09:18.5873208-05:00
1536|996|2021-11-20-11:09:18.5873297-05:00
1489|430|2021-11-20-11:09:18.5873386-05:00
1057|720|2021-11-20-11:09:18.5873476-05:00
568|578|2021-11-20-11:09:18.5873578-05:00
1460|162|2021-11-20-11:09:18.5873669-05:00
607|82|2021-11-20-11:09:18.5873758-05:00
61|996|2021-11-20-11:09:18.5873847-05:00
988|997|2021-11-20-11:09:18.5873940-05:00
1721|1000|2021-11-20-11:09:18.5874030-05:00
814|1001|2021-11-20-11:09:18.5874119-05:00
450|1003|2021-11-20-11:09:18.5874211-05:00
225|1003|2021-11-20-11:09:18.5874302-05:00
1610|1003|2021-11-20-11:09:18.5874394-05:00
644|621|2021-11-20-11:09:18.5874484-05:00
246|1004|2021-11-20-11:09:18.5874569-05:00
577|622|2021-11-20-11:09:18.5874702-05:00
1454|1004|2021-11-20-11:09:18.5874795-05:00
829|1004|2021-11-20-11:09:18.5874883-05:00
68|619|2021-11-20-11:09:18.5874969-05:00
1601|776|2021-11-20-11:09:18.5875056-05:00
739|366|2021-11-20-11:09:18.5875142-05:00
614|746|2021-11-20-11:09:18.5875228-05:00
577|751|2021-11-20-11:09:18.5875315-05:00
1712|725|2021-11-20-11:09:18.5875401-05:00
1372|849|2021-11-20-11:09:18.5875486-05:00
1415|997|2021-11-20-11:09:18.5875571-05:00
805|1000|2021-11-20-11:09:18.5875655-05:00
446|1000|2021-11-20-11:09:18.5875740-05:00
1720|1000|2021-11-20-11:09:18.5875829-05:00
162|1000|2021-11-20-11:09:18.5875921-05:00
1094|872|2021-11-20-11:09:18.5876009-05:00
1157|49|2021-11-20-11:09:18.5876099-05:00
403|763|2021-11-20-11:09:18.5876185-05:00
686|997|2021-11-20-11:09:18.5876270-05:00
1761|1000|2021-11-20-11:09:18.5876354-05:00
1383|1001|2021-11-20-11:09:18.5876439-05:00
1576|852|2021-11-20-11:09:18.5876522-05:00
1655|1002|2021-11-20-11:09:18.5876605-05:00
475|1003|2021-11-20-11:09:18.5876709-05:00
480|1004|2021-11-20-11:09:18.5876798-05:00
1614|440|2021-11-20-11:09:18.5876882-05:00
932|851|2021-11-20-11:09:18.5876966-05:00
423|135|2021-11-20-11:09:18.5877050-05:00
1406|807|2021-11-20-11:09:18.5877133-05:00
1325|887|2021-11-20-11:09:18.5877216-05:00
243|1003|2021-11-20-11:09:18.5877299-05:00
1795|130|2021-11-20-11:09:18.5877381-05:00
527|1003|2021-11-20-11:09:18.5877466-05:00
25|572|2021-11-20-11:09:18.5877550-05:00
1148|1004|2021-11-20-11:09:18.5877678-05:00
546|1004|2021-11-20-11:09:18.5877766-05:00
659|1005|2021-11-20-11:09:18.5877850-05:00
1089|1005|2021-11-20-11:09:18.5877943-05:00
1641|530|2021-11-20-11:09:18.5878032-05:00
524|1005|2021-11-20-11:09:18.5878117-05:00
922|1006|2021-11-20-11:09:18.5878205-05:00
912|991|2021-11-20-11:09:18.5878292-05:00
1344|1005|2021-11-20-11:09:18.5878383-05:00
1195|1006|2021-11-20-11:09:18.5878555-05:00
46|655|2021-11-20-11:09:18.5878643-05:00
1801|821|2021-11-20-11:09:18.5878727-05:00
1615|600|2021-11-20-11:09:18.5878808-05:00
1268|72|2021-11-20-11:09:18.5878890-05:00
1559|1004|2021-11-20-11:09:18.5878973-05:00
1720|1005|2021-11-20-11:09:18.5879056-05:00
1293|749|2021-11-20-11:09:18.5879141-05:00
1821|1006|2021-11-20-11:09:18.5879221-05:00
924|1006|2021-11-20-11:09:18.5879303-05:00
882|1007|2021-11-20-11:09:18.5879386-05:00
863|818|2021-11-20-11:09:18.5879471-05:00
1000|492|2021-11-20-11:09:18.5879552-05:00
1798|1006|2021-11-20-11:09:18.5879635-05:00
354|1006|2021-11-20-11:09:18.5879716-05:00
1588|1007|2021-11-20-11:09:18.5879794-05:00
1987|37|2021-11-20-11:09:18.5879872-05:00
1806|1008|2021-11-20-11:09:18.5879953-05:00
191|816|2021-11-20-11:09:18.5880032-05:00
1170|1008|2021-11-20-11:09:18.5880110-05:00
387|226|2021-11-20-11:09:18.5880189-05:00
1130|674|2021-11-20-11:09:18.5880267-05:00
1619|1006|2021-11-20-11:09:18.5880350-05:00
278|491|2021-11-20-11:09:18.5880432-05:00
421|797|2021-11-20-11:09:18.5880516-05:00
573|624|2021-11-20-11:09:18.5880598-05:00
1616|1004|2021-11-20-11:09:18.5880679-05:00
435|153|2021-11-20-11:09:18.5880758-05:00
68|188|2021-11-20-11:09:18.5880840-05:00
762|844|2021-11-20-11:09:18.5881152-05:00
163|1004|2021-11-20-11:09:18.5881249-05:00
840|612|2021-11-20-11:09:18.5881331-05:00
471|1004|2021-11-20-11:09:18.5881414-05:00
232|1004|2021-11-20-11:09:18.5881492-05:00
460|1005|2021-11-20-11:09:18.5881570-05:00
429|651|2021-11-20-11:09:18.5881723-05:00
678|207|2021-11-20-11:09:18.5881809-05:00
1998|756|2021-11-20-11:09:18.5881886-05:00
1664|994|2021-11-20-11:09:18.5881966-05:00
864|1003|2021-11-20-11:09:18.5882047-05:00
1686|1004|2021-11-20-11:09:18.5882193-05:00
33|102|2021-11-20-11:09:18.5882280-05:00
421|437|2021-11-20-11:09:18.5882365-05:00
871|1002|2021-11-20-11:09:18.5882441-05:00
1645|1002|2021-11-20-11:09:18.5882517-05:00
1162|988|2021-11-20-11:09:18.5882593-05:00
148|1003|2021-11-20-11:09:18.5882669-05:00
747|1004|2021-11-20-11:09:18.5882745-05:00
305|103|2021-11-20-11:09:18.5882820-05:00
1501|973|2021-11-20-11:09:18.5882895-05:00
1654|1002|2021-11-20-11:09:18.5882970-05:00
717|194|2021-11-20-11:09:18.5883044-05:00
732|217|2021-11-20-11:09:18.5883118-05:00
1741|66|2021-11-20-11:09:18.5883192-05:00
957|747|2021-11-20-11:09:18.5883266-05:00
65|761|2021-11-20-11:09:18.5883340-05:00
427|160|2021-11-20-11:09:18.5883415-05:00
1524|461|2021-11-20-11:09:18.5883596-05:00
1194|999|2021-11-20-11:09:18.5883769-05:00
696|200|2021-11-20-11:09:18.5883848-05:00
1943|999|2021-11-20-11:09:18.5883921-05:00
1285|345|2021-11-20-11:09:18.5883994-05:00
1225|999|2021-11-20-11:09:18.5884068-05:00
1060|741|2021-11-20-11:09:18.5884141-05:00
762|1000|2021-11-20-11:09:18.5884213-05:00
43|1001|2021-11-20-11:09:18.5884286-05:00
392|1002|2021-11-20-11:09:18.5884358-05:00
769|1003|2021-11-20-11:09:18.5884429-05:00
1339|1004|2021-11-20-11:09:18.5884501-05:00
1925|1005|2021-11-20-11:09:18.5884572-05:00
910|1006|2021-11-20-11:09:18.5884645-05:00
1988|1007|2021-11-20-11:09:18.5884718-05:00
143|1008|2021-11-20-11:09:18.5884789-05:00
1326|1009|2021-11-20-11:09:18.5884906-05:00
1484|1010|2021-11-20-11:09:18.5884984-05:00
355|1011|2021-11-20-11:09:18.5885058-05:00
709|1012|2021-11-20-11:09:18.5885131-05:00
749|1013|2021-11-20-11:09:18.5885204-05:00
633|1014|2021-11-20-11:09:18.5885276-05:00
1259|1015|2021-11-20-11:09:18.5885348-05:00
425|1016|2021-11-20-11:09:18.5885420-05:00
869|1017|2021-11-20-11:09:18.5885491-05:00
131|1018|2021-11-20-11:09:18.5885564-05:00
566|1019|2021-11-20-11:09:18.5885636-05:00
1108|1020|2021-11-20-11:09:18.5885710-05:00
1445|1021|2021-11-20-11:09:18.5885781-05:00
108|1022|2021-11-20-11:09:18.5885852-05:00
730|1023|2021-11-20-11:09:18.5885923-05:00
1274|1024|2021-11-20-11:09:18.5885993-05:00
395|1025|2021-11-20-11:09:18.5886063-05:00
3|1026|2021-11-20-11:09:18.5886133-05:00
1154|1027|2021-11-20-11:09:18.5886203-05:00
804|1028|2021-11-20-11:09:18.5886275-05:00
968|1029|2021-11-20-11:09:18.5886346-05:00
921|1030|2021-11-20-11:09:18.5886416-05:00
401|1031|2021-11-20-11:09:18.5886486-05:00
807|1032|2021-11-20-11:09:18.5886556-05:00
1361|1033|2021-11-20-11:09:18.5886626-05:00
110|1034|2021-11-20-11:09:18.5886697-05:00
1603|1035|2021-11-20-11:09:18.5886766-05:00
770|1036|2021-11-20-11:09:18.5886835-05:00
1379|1037|2021-11-20-11:09:18.5886904-05:00
1408|1038|2021-11-20-11:09:18.5886973-05:00
380|1039|2021-11-20-11:09:18.5887043-05:00
592|1040|2021-11-20-11:09:18.5887112-05:00
1665|1041|2021-11-20-11:09:18.5887181-05:00
574|1042|2021-11-20-11:09:18.5887291-05:00
1405|1043|2021-11-20-11:09:18.5887365-05:00
257|1044|2021-11-20-11:09:18.5887435-05:00
603|1045|2021-11-20-11:09:18.5887505-05:00
1356|1046|2021-11-20-11:09:18.5887578-05:00
1678|1047|2021-11-20-11:09:18.5887652-05:00
891|1048|2021-11-20-11:09:18.5887725-05:00
1934|1049|2021-11-20-11:09:18.5887799-05:00
271|1050|2021-11-20-11:09:18.5887870-05:00
1074|1051|2021-11-20-11:09:18.5887943-05:00
1155|1052|2021-11-20-11:09:18.5888015-05:00
659|1053|2021-11-20-11:09:18.5888086-05:00
1952|1054|2021-11-20-11:09:18.5888159-05:00
1316|1055|2021-11-20-11:09:18.5888250-05:00
1934|1056|2021-11-20-11:09:18.5888329-05:00
1662|1057|2021-11-20-11:09:18.5888402-05:00
1494|1058|2021-11-20-11:09:18.5888476-05:00
944|1059|2021-11-20-11:09:18.5888550-05:00
1922|1060|2021-11-20-11:09:18.5888622-05:00
1755|1061|2021-11-20-11:09:18.5888692-05:00
1184|1062|2021-11-20-11:09:18.5888765-05:00
1175|1063|2021-11-20-11:09:18.5888837-05:00
406|1064|2021-11-20-11:09:18.5888906-05:00
1083|1065|2021-11-20-11:09:18.5888974-05:00
1547|1066|2021-11-20-11:09:18.5889041-05:00
1348|1067|2021-11-20-11:09:18.5889108-05:00
639|1068|2021-11-20-11:09:18.5889174-05:00
1030|1069|2021-11-20-11:09:18.5889240-05:00
490|1070|2021-11-20-11:09:18.5889306-05:00
1046|1071|2021-11-20-11:09:18.5889373-05:00
1460|1072|2021-11-20-11:09:18.5889440-05:00
1751|1073|2021-11-20-11:09:18.5889505-05:00
1974|1074|2021-11-20-11:09:18.5889570-05:00
1442|1075|2021-11-20-11:09:18.5889680-05:00
871|1076|2021-11-20-11:09:18.5889751-05:00
703|1077|2021-11-20-11:09:18.5889818-05:00
473|1078|2021-11-20-11:09:18.5889888-05:00
671|1079|2021-11-20-11:09:18.5889963-05:00
1039|1080|2021-11-20-11:09:18.5890033-05:00
325|1081|2021-11-20-11:09:18.5890103-05:00
263|1082|2021-11-20-11:09:18.5890170-05:00
870|1083|2021-11-20-11:09:18.5890240-05:00
697|1084|2021-11-20-11:09:18.5890310-05:00
1846|1085|2021-11-20-11:09:18.5890380-05:00
1246|1086|2021-11-20-11:09:18.5890448-05:00
148|1087|2021-11-20-11:09:18.5890516-05:00
1408|1088|2021-11-20-11:09:18.5890586-05:00
793|1089|2021-11-20-11:09:18.5890655-05:00
1668|1090|2021-11-20-11:09:18.5890724-05:00
1108|1091|2021-11-20-11:09:18.5890791-05:00
1884|1092|2021-11-20-11:09:18.5890861-05:00
465|1093|2021-11-20-11:09:18.5890929-05:00
457|1094|2021-11-20-11:09:18.5890997-05:00
836|1095|2021-11-20-11:09:18.5891061-05:00
481|1096|2021-11-20-11:09:18.5891126-05:00
1399|1097|2021-11-20-11:09:18.5891191-05:00
1000|1098|2021-11-20-11:09:18.5891253-05:00
1173|1099|2021-11-20-11:09:18.5891316-05:00
1055|1100|2021-11-20-11:09:18.5891379-05:00
8|1101|2021-11-20-11:09:18.5891459-05:00
1039|1102|2021-11-20-11:09:18.5891527-05:00
1861|1103|2021-11-20-11:09:18.5891591-05:00
1445|1104|2021-11-20-11:09:18.5891654-05:00
1225|1105|2021-11-20-11:09:18.5891717-05:00
1614|1106|2021-11-20-11:09:18.5891781-05:00
1403|1107|2021-11-20-11:09:18.5891846-05:00
685|1108|2021-11-20-11:09:18.5891954-05:00
510|1109|2021-11-20-11:09:18.5892022-05:00
446|1110|2021-11-20-11:09:18.5892086-05:00
1231|1111|2021-11-20-11:09:18.5892154-05:00
1189|1112|2021-11-20-11:09:18.5892223-05:00
824|1113|2021-11-20-11:09:18.5892287-05:00
1904|1114|2021-11-20-11:09:18.5892353-05:00
1598|1115|2021-11-20-11:09:18.5892421-05:00
1493|1116|2021-11-20-11:09:18.5892491-05:00
315|1117|2021-11-20-11:09:18.5892558-05:00
478|1118|2021-11-20-11:09:18.5892628-05:00
559|1119|2021-11-20-11:09:18.5892696-05:00
1837|1120|2021-11-20-11:09:18.5892763-05:00
1399|1121|2021-11-20-11:09:18.5892831-05:00
1939|1122|2021-11-20-11:09:18.5892897-05:00
1846|1123|2021-11-20-11:09:18.5892960-05:00
1361|1124|2021-11-20-11:09:18.5893023-05:00
1381|1125|2021-11-20-11:09:18.5893086-05:00
1162|1126|2021-11-20-11:09:18.5893148-05:00
996|1127|2021-11-20-11:09:18.5893210-05:00
1294|1128|2021-11-20-11:09:18.5893272-05:00
1139|1129|2021-11-20-11:09:18.5893333-05:00
962|1130|2021-11-20-11:09:18.5893395-05:00
1471|1131|2021-11-20-11:09:18.5893562-05:00
1703|1132|2021-11-20-11:09:18.5893635-05:00
1299|1133|2021-11-20-11:09:18.5893785-05:00
1615|1134|2021-11-20-11:09:18.5893859-05:00
1032|1135|2021-11-20-11:09:18.5893924-05:00
1285|1136|2021-11-20-11:09:18.5893992-05:00
401|1137|2021-11-20-11:09:18.5894056-05:00
1425|1138|2021-11-20-11:09:18.5894116-05:00
1472|1139|2021-11-20-11:09:18.5894176-05:00
233|1140|2021-11-20-11:09:18.5894235-05:00
1842|1141|2021-11-20-11:09:18.5894324-05:00
1463|1142|2021-11-20-11:09:18.5894390-05:00
899|1143|2021-11-20-11:09:18.5894451-05:00
348|1144|2021-11-20-11:09:18.5894511-05:00
437|1145|2021-11-20-11:09:18.5894571-05:00
1918|1146|2021-11-20-11:09:18.5894630-05:00
1060|1147|2021-11-20-11:09:18.5894689-05:00
560|1148|2021-11-20-11:09:18.5894747-05:00
858|1149|2021-11-20-11:09:18.5894807-05:00
1342|1150|2021-11-20-11:09:18.5894866-05:00
167|1151|2021-11-20-11:09:18.5894927-05:00
922|1152|2021-11-20-11:09:18.5894987-05:00
442|1153|2021-11-20-11:09:18.5895047-05:00
1336|1154|2021-11-20-11:09:18.5895106-05:00
1655|1155|2021-11-20-11:09:18.5895164-05:00
68|1156|2021-11-20-11:09:18.5895222-05:00
1192|1157|2021-11-20-11:09:18.5895361-05:00
501|1158|2021-11-20-11:09:18.5895431-05:00
64|1159|2021-11-20-11:09:18.5895496-05:00
63|1160|2021-11-20-11:09:18.5895558-05:00
618|1161|2021-11-20-11:09:18.5895618-05:00
110|1162|2021-11-20-11:09:18.5895681-05:00
1545|1163|2021-11-20-11:09:18.5895742-05:00
1547|1164|2021-11-20-11:09:18.5895804-05:00
974|1165|2021-11-20-11:09:18.5895864-05:00
1528|1166|2021-11-20-11:09:18.5895921-05:00
1890|1167|2021-11-20-11:09:18.5895979-05:00
1208|1168|2021-11-20-11:09:18.5896037-05:00
873|1169|2021-11-20-11:09:18.5896094-05:00
313|1170|2021-11-20-11:09:18.5896154-05:00
1092|1171|2021-11-20-11:09:18.5896212-05:00
890|1172|2021-11-20-11:09:18.5896270-05:00
1005|1173|2021-11-20-11:09:18.5896328-05:00
326|1174|2021-11-20-11:09:18.5896388-05:00
1994|1175|2021-11-20-11:09:18.5896447-05:00
1936|1176|2021-11-20-11:09:18.5896508-05:00
1041|1177|2021-11-20-11:09:18.5896568-05:00
1499|1178|2021-11-20-11:09:18.5896627-05:00
924|1179|2021-11-20-11:09:18.5896688-05:00
1462|1180|2021-11-20-11:09:18.5896749-05:00
102|1181|2021-11-20-11:09:18.5896807-05:00
436|1182|2021-11-20-11:09:18.5896865-05:00
437|1183|2021-11-20-11:09:18.5896923-05:00
1796|1184|2021-11-20-11:09:18.5896981-05:00
796|1185|2021-11-20-11:09:18.5897040-05:00
550|1186|2021-11-20-11:09:18.5897101-05:00
1262|1187|2021-11-20-11:09:18.5897158-05:00
1962|1188|2021-11-20-11:09:18.5897217-05:00
1959|1189|2021-11-20-11:09:18.5897273-05:00
965|1190|2021-11-20-11:09:18.5897375-05:00
94|1191|2021-11-20-11:09:18.5897440-05:00
1900|1192|2021-11-20-11:09:18.5897501-05:00
1361|1193|2021-11-20-11:09:18.5897558-05:00
1410|1194|2021-11-20-11:09:18.5897635-05:00
1614|1195|2021-11-20-11:09:18.5897697-05:00
1733|1196|2021-11-20-11:09:18.5897757-05:00
1918|1197|2021-11-20-11:09:18.5897815-05:00
1351|1198|2021-11-20-11:09:18.5897872-05:00
1374|1199|2021-11-20-11:09:18.5897928-05:00
909|1200|2021-11-20-11:09:18.5897983-05:00
29|1201|2021-11-20-11:09:18.5898039-05:00
1852|1202|2021-11-20-11:09:18.5898100-05:00
1687|1203|2021-11-20-11:09:18.5898158-05:00
545|1204|2021-11-20-11:09:18.5898214-05:00
250|1205|2021-11-20-11:09:18.5898273-05:00
1276|1206|2021-11-20-11:09:18.5898327-05:00
1917|1207|2021-11-20-11:09:18.5898386-05:00
116|1208|2021-11-20-11:09:18.5898441-05:00
1342|1209|2021-11-20-11:09:18.5898498-05:00
1719|1210|2021-11-20-11:09:18.5898556-05:00
1026|1211|2021-11-20-11:09:18.5898612-05:00
1693|1212|2021-11-20-11:09:18.5898668-05:00
1576|1213|2021-11-20-11:09:18.5898725-05:00
601|1214|2021-11-20-11:09:18.5898781-05:00
1960|1215|2021-11-20-11:09:18.5898836-05:00
183|1216|2021-11-20-11:09:18.5898891-05:00
1673|1217|2021-11-20-11:09:18.5898947-05:00
1748|1218|2021-11-20-11:09:18.5899002-05:00
752|1219|2021-11-20-11:09:18.5899056-05:00
424|1220|2021-11-20-11:09:18.5899110-05:00
267|1221|2021-11-20-11:09:18.5899162-05:00
1927|1222|2021-11-20-11:09:18.5899216-05:00
1248|1223|2021-11-20-11:09:18.5899309-05:00
1907|1224|2021-11-20-11:09:18.5899368-05:00
220|1225|2021-11-20-11:09:18.5899422-05:00
1192|1226|2021-11-20-11:09:18.5899476-05:00
1528|1227|2021-11-20-11:09:18.5899528-05:00
1595|1228|2021-11-20-11:09:18.5899580-05:00
711|1229|2021-11-20-11:09:18.5899633-05:00
261|1230|2021-11-20-11:09:18.5899686-05:00
19|1231|2021-11-20-11:09:18.5899739-05:00
1689|1232|2021-11-20-11:09:18.5899792-05:00
126|1233|2021-11-20-11:09:18.5899846-05:00
16|1234|2021-11-20-11:09:18.5899899-05:00
1433|1235|2021-11-20-11:09:18.5899952-05:00
250|1236|2021-11-20-11:09:18.5900004-05:00
748|1237|2021-11-20-11:09:18.5900057-05:00
1891|1238|2021-11-20-11:09:18.5900110-05:00
1546|1239|2021-11-20-11:09:18.5900163-05:00
1519|1240|2021-11-20-11:09:18.5900233-05:00
633|1241|2021-11-20-11:09:18.5900289-05:00
1146|1242|2021-11-20-11:09:18.5900345-05:00
621|1243|2021-11-20-11:09:18.5900398-05:00
241|1244|2021-11-20-11:09:18.5900452-05:00
1938|1245|2021-11-20-11:09:18.5900505-05:00
401|1246|2021-11-20-11:09:18.5900558-05:00
325|1247|2021-11-20-11:09:18.5900611-05:00
760|1248|2021-11-20-11:09:18.5900664-05:00
1449|1249|2021-11-20-11:09:18.5900720-05:00
1432|1250|2021-11-20-11:09:18.5900776-05:00
61|1251|2021-11-20-11:09:18.5900831-05:00
170|1252|2021-11-20-11:09:18.5900886-05:00
600|1253|2021-11-20-11:09:18.5900942-05:00
950|1254|2021-11-20-11:09:18.5900996-05:00
643|1255|2021-11-20-11:09:18.5901049-05:00
102|1256|2021-11-20-11:09:18.5901147-05:00
605|1257|2021-11-20-11:09:18.5901206-05:00
1780|1258|2021-11-20-11:09:18.5901261-05:00
326|1259|2021-11-20-11:09:18.5901314-05:00
1058|1260|2021-11-20-11:09:18.5901364-05:00
1748|1261|2021-11-20-11:09:18.5901415-05:00
322|1262|2021-11-20-11:09:18.5901466-05:00
1404|1263|2021-11-20-11:09:18.5901517-05:00
1081|1264|2021-11-20-11:09:18.5901568-05:00
1701|1265|2021-11-20-11:09:18.5901622-05:00
1337|1266|2021-11-20-11:09:18.5901676-05:00
1567|1267|2021-11-20-11:09:18.5901727-05:00
1561|1268|2021-11-20-11:09:18.5901779-05:00
1167|1269|2021-11-20-11:09:18.5901830-05:00
1711|1270|2021-11-20-11:09:18.5901882-05:00
1434|1271|2021-11-20-11:09:18.5901933-05:00
1781|1272|2021-11-20-11:09:18.5901989-05:00
202|1273|2021-11-20-11:09:18.5902044-05:00
1233|1274|2021-11-20-11:09:18.5902097-05:00
1791|1275|2021-11-20-11:09:18.5902149-05:00
1120|1276|2021-11-20-11:09:18.5902202-05:00
1307|1277|2021-11-20-11:09:18.5902253-05:00
1007|1278|2021-11-20-11:09:18.5902305-05:00
1968|1279|2021-11-20-11:09:18.5902357-05:00
1819|1280|2021-11-20-11:09:18.5902410-05:00
867|1281|2021-11-20-11:09:18.5902465-05:00
769|1282|2021-11-20-11:09:18.5902517-05:00
147|1283|2021-11-20-11:09:18.5902568-05:00
1279|1284|2021-11-20-11:09:18.5902618-05:00
201|1285|2021-11-20-11:09:18.5902689-05:00
1849|1286|2021-11-20-11:09:18.5902745-05:00
1090|1287|2021-11-20-11:09:18.5902797-05:00
1176|1288|2021-11-20-11:09:18.5902852-05:00
1372|1289|2021-11-20-11:09:18.5902956-05:00
1332|1290|2021-11-20-11:09:18.5903013-05:00
1644|1291|2021-11-20-11:09:18.5903066-05:00
968|1292|2021-11-20-11:09:18.5903121-05:00
1566|1293|2021-11-20-11:09:18.5903172-05:00
489|1294|2021-11-20-11:09:18.5903225-05:00
1771|1295|2021-11-20-11:09:18.5903276-05:00
311|1296|2021-11-20-11:09:18.5903326-05:00
1742|1297|2021-11-20-11:09:18.5903376-05:00
1539|1298|2021-11-20-11:09:18.5903517-05:00
540|1299|2021-11-20-11:09:18.5903587-05:00
602|1300|2021-11-20-11:09:18.5903639-05:00
833|1301|2021-11-20-11:09:18.5903777-05:00
764|1302|2021-11-20-11:09:18.5903836-05:00
1592|1303|2021-11-20-11:09:18.5903886-05:00
1737|1304|2021-11-20-11:09:18.5903935-05:00
1997|1305|2021-11-20-11:09:18.5903984-05:00
280|1306|2021-11-20-11:09:18.5904033-05:00
1967|1307|2021-11-20-11:09:18.5904082-05:00
1366|1308|2021-11-20-11:09:18.5904131-05:00
1158|1309|2021-11-20-11:09:18.5904179-05:00
1523|1310|2021-11-20-11:09:18.5904227-05:00
795|1311|2021-11-20-11:09:18.5904278-05:00
1597|1312|2021-11-20-11:09:18.5904328-05:00
1811|1313|2021-11-20-11:09:18.5904376-05:00
506|1314|2021-11-20-11:09:18.5904425-05:00
191|1315|2021-11-20-11:09:18.5904473-05:00
979|1316|2021-11-20-11:09:18.5904523-05:00
176|1317|2021-11-20-11:09:18.5904571-05:00
126|1318|2021-11-20-11:09:18.5904621-05:00
881|1319|2021-11-20-11:09:18.5904672-05:00
1852|1320|2021-11-20-11:09:18.5904721-05:00
248|1321|2021-11-20-11:09:18.5904770-05:00
392|1322|2021-11-20-11:09:18.5904860-05:00
189|1323|2021-11-20-11:09:18.5904913-05:00
1835|1324|2021-11-20-11:09:18.5904962-05:00
67|1325|2021-11-20-11:09:18.5905009-05:00
466|1326|2021-11-20-11:09:18.5905057-05:00
215|1327|2021-11-20-11:09:18.5905105-05:00
1713|1328|2021-11-20-11:09:18.5905155-05:00
1462|1329|2021-11-20-11:09:18.5905204-05:00
1481|1330|2021-11-20-11:09:18.5905253-05:00
1378|1331|2021-11-20-11:09:18.5905301-05:00
1767|1332|2021-11-20-11:09:18.5905348-05:00
468|1333|2021-11-20-11:09:18.5905395-05:00
1367|1334|2021-11-20-11:09:18.5905442-05:00
987|1335|2021-11-20-11:09:18.5905489-05:00
104|1336|2021-11-20-11:09:18.5905621-05:00
1176|1337|2021-11-20-11:09:18.5905678-05:00
410|1338|2021-11-20-11:09:18.5905726-05:00
1281|1339|2021-11-20-11:09:18.5905773-05:00
1921|1340|2021-11-20-11:09:18.5905821-05:00
1881|1341|2021-11-20-11:09:18.5905868-05:00
1723|1342|2021-11-20-11:09:18.5905914-05:00
18|1343|2021-11-20-11:09:18.5905961-05:00
1849|1344|2021-11-20-11:09:18.5906007-05:00
538|1345|2021-11-20-11:09:18.5906052-05:00
48|1346|2021-11-20-11:09:18.5906098-05:00
1157|1347|2021-11-20-11:09:18.5906143-05:00
1061|1348|2021-11-20-11:09:18.5906190-05:00
298|1349|2021-11-20-11:09:18.5906237-05:00
792|1350|2021-11-20-11:09:18.5906284-05:00
136|1351|2021-11-20-11:09:18.5906331-05:00
1617|1352|2021-11-20-11:09:18.5906379-05:00
658|1353|2021-11-20-11:09:18.5906425-05:00
688|1354|2021-11-20-11:09:18.5906472-05:00
354|1355|2021-11-20-11:09:18.5906517-05:00
441|1356|2021-11-20-11:09:18.5906563-05:00
575|1357|2021-11-20-11:09:18.5906608-05:00
1757|1358|2021-11-20-11:09:18.5906656-05:00
1670|1359|2021-11-20-11:09:18.5906702-05:00
1532|1360|2021-11-20-11:09:18.5906747-05:00
65|1361|2021-11-20-11:09:18.5906792-05:00
254|1362|2021-11-20-11:09:18.5906838-05:00
1904|1363|2021-11-20-11:09:18.5906883-05:00
1677|1364|2021-11-20-11:09:18.5906928-05:00
145|1365|2021-11-20-11:09:18.5906972-05:00
1027|1366|2021-11-20-11:09:18.5907016-05:00
1129|1367|2021-11-20-11:09:18.5907060-05:00
444|1368|2021-11-20-11:09:18.5907103-05:00
1518|1369|2021-11-20-11:09:18.5907196-05:00
87|1370|2021-11-20-11:09:18.5907246-05:00
1803|1371|2021-11-20-11:09:18.5907292-05:00
1765|1372|2021-11-20-11:09:18.5907338-05:00
844|1373|2021-11-20-11:09:18.5907384-05:00
960|1374|2021-11-20-11:09:18.5907433-05:00
1970|1375|2021-11-20-11:09:18.5907479-05:00
524|1376|2021-11-20-11:09:18.5907528-05:00
375|1377|2021-11-20-11:09:18.5907574-05:00
339|1378|2021-11-20-11:09:18.5907622-05:00
1298|1379|2021-11-20-11:09:18.5907668-05:00
20|1380|2021-11-20-11:09:18.5907716-05:00
1309|1381|2021-11-20-11:09:18.5907764-05:00
1154|1382|2021-11-20-11:09:18.5907811-05:00
1416|1383|2021-11-20-11:09:18.5907860-05:00
670|1384|2021-11-20-11:09:18.5907907-05:00
1345|1385|2021-11-20-11:09:18.5907953-05:00
1761|1386|2021-11-20-11:09:18.5907999-05:00
1110|1387|2021-11-20-11:09:18.5908043-05:00
1780|1388|2021-11-20-11:09:18.5908088-05:00
1013|1389|2021-11-20-11:09:18.5908132-05:00
547|1390|2021-11-20-11:09:18.5908175-05:00
1528|1391|2021-11-20-11:09:18.5908219-05:00
1419|1392|2021-11-20-11:09:18.5908266-05:00
739|1393|2021-11-20-11:09:18.5908312-05:00
1749|1394|2021-11-20-11:09:18.5908356-05:00
1857|1395|2021-11-20-11:09:18.5908401-05:00
1628|1396|2021-11-20-11:09:18.5908446-05:00
1818|1397|2021-11-20-11:09:18.5908489-05:00
341|1398|2021-11-20-11:09:18.5908535-05:00
1704|1399|2021-11-20-11:09:18.5908581-05:00
1510|1400|2021-11-20-11:09:18.5908625-05:00
918|1401|2021-11-20-11:09:18.5908669-05:00
713|1402|2021-11-20-11:09:18.5908765-05:00
1542|1403|2021-11-20-11:09:18.5908814-05:00
211|1404|2021-11-20-11:09:18.5908859-05:00
989|1405|2021-11-20-11:09:18.5908904-05:00
370|1406|2021-11-20-11:09:18.5908949-05:00
773|1407|2021-11-20-11:09:18.5908993-05:00
1698|1408|2021-11-20-11:09:18.5909036-05:00
717|1409|2021-11-20-11:09:18.5909080-05:00
1829|1410|2021-11-20-11:09:18.5909123-05:00
67|1411|2021-11-20-11:09:18.5909168-05:00
237|1412|2021-11-20-11:09:18.5909211-05:00
459|1413|2021-11-20-11:09:18.5909254-05:00
1650|1414|2021-11-20-11:09:18.5909297-05:00
224|1415|2021-11-20-11:09:18.5909339-05:00
910|1416|2021-11-20-11:09:18.5909383-05:00
837|1417|2021-11-20-11:09:18.5909426-05:00
1234|1418|2021-11-20-11:09:18.5909470-05:00
332|1419|2021-11-20-11:09:18.5909514-05:00
384|1420|2021-11-20-11:09:18.5909557-05:00
1917|1421|2021-11-20-11:09:18.5909599-05:00
1349|1422|2021-11-20-11:09:18.5909644-05:00
1430|1423|2021-11-20-11:09:18.5909686-05:00
972|1424|2021-11-20-11:09:18.5909728-05:00
559|1425|2021-11-20-11:09:18.5909770-05:00
385|1426|2021-11-20-11:09:18.5909812-05:00
1027|1427|2021-11-20-11:09:18.5909853-05:00
1095|1428|2021-11-20-11:09:18.5909895-05:00
1103|1429|2021-11-20-11:09:18.5909955-05:00
342|1430|2021-11-20-11:09:18.5910002-05:00
706|1431|2021-11-20-11:09:18.5910045-05:00
34|1432|2021-11-20-11:09:18.5910087-05:00
634|1433|2021-11-20-11:09:18.5910131-05:00
1787|1434|2021-11-20-11:09:18.5910173-05:00
1102|1435|2021-11-20-11:09:18.5910257-05:00
596|1436|2021-11-20-11:09:18.5910307-05:00
1612|1437|2021-11-20-11:09:18.5910350-05:00
1206|1438|2021-11-20-11:09:18.5910394-05:00
1681|1439|2021-11-20-11:09:18.5910440-05:00
976|1440|2021-11-20-11:09:18.5910484-05:00
988|1441|2021-11-20-11:09:18.5910526-05:00
1411|1442|2021-11-20-11:09:18.5910570-05:00
1063|1443|2021-11-20-11:09:18.5910612-05:00
1184|1444|2021-11-20-11:09:18.5910654-05:00
481|1445|2021-11-20-11:09:18.5910696-05:00
1292|1446|2021-11-20-11:09:18.5910737-05:00
960|1447|2021-11-20-11:09:18.5910780-05:00
1089|1448|2021-11-20-11:09:18.5910821-05:00
1525|1449|2021-11-20-11:09:18.5910863-05:00
947|1450|2021-11-20-11:09:18.5910903-05:00
791|1451|2021-11-20-11:09:18.5910944-05:00
585|1452|2021-11-20-11:09:18.5910985-05:00
10|1453|2021-11-20-11:09:18.5911026-05:00
1321|1454|2021-11-20-11:09:18.5911067-05:00
1593|1455|2021-11-20-11:09:18.5911108-05:00
1568|1456|2021-11-20-11:09:18.5911149-05:00
1283|1457|2021-11-20-11:09:18.5911190-05:00
570|1458|2021-11-20-11:09:18.5911230-05:00
1652|1459|2021-11-20-11:09:18.5911271-05:00
604|1460|2021-11-20-11:09:18.5911311-05:00
1343|1461|2021-11-20-11:09:18.5911352-05:00
1677|1462|2021-11-20-11:09:18.5911392-05:00
596|1463|2021-11-20-11:09:18.5911432-05:00
376|1464|2021-11-20-11:09:18.5911473-05:00
1124|1465|2021-11-20-11:09:18.5911513-05:00
33|1466|2021-11-20-11:09:18.5911553-05:00
1603|1467|2021-11-20-11:09:18.5911593-05:00
671|1468|2021-11-20-11:09:18.5911685-05:00
549|1469|2021-11-20-11:09:18.5911731-05:00
1628|1470|2021-11-20-11:09:18.5911774-05:00
1297|1471|2021-11-20-11:09:18.5911815-05:00
1631|1472|2021-11-20-11:09:18.5911855-05:00
1552|1473|2021-11-20-11:09:18.5911896-05:00
1355|1474|2021-11-20-11:09:18.5911935-05:00
1396|1475|2021-11-20-11:09:18.5911974-05:00
506|1476|2021-11-20-11:09:18.5912014-05:00
287|1477|2021-11-20-11:09:18.5912054-05:00
247|1478|2021-11-20-11:09:18.5912094-05:00
492|1479|2021-11-20-11:09:18.5912133-05:00
1266|1480|2021-11-20-11:09:18.5912173-05:00
1424|1481|2021-11-20-11:09:18.5912214-05:00
1938|1482|2021-11-20-11:09:18.5912253-05:00
1569|1483|2021-11-20-11:09:18.5912294-05:00
156|1484|2021-11-20-11:09:18.5912333-05:00
1551|1485|2021-11-20-11:09:18.5912373-05:00
121|1486|2021-11-20-11:09:18.5912414-05:00
24|1487|2021-11-20-11:09:18.5912453-05:00
1313|1488|2021-11-20-11:09:18.5912493-05:00
195|1489|2021-11-20-11:09:18.5912532-05:00
1533|1490|2021-11-20-11:09:18.5912570-05:00
1312|1491|2021-11-20-11:09:18.5912609-05:00
1043|1492|2021-11-20-11:09:18.5912648-05:00
1554|1493|2021-11-20-11:09:18.5912686-05:00
1078|1494|2021-11-20-11:09:18.5912724-05:00
1633|1495|2021-11-20-11:09:18.5912764-05:00
1310|1496|2021-11-20-11:09:18.5912804-05:00
816|1497|2021-11-20-11:09:18.5912843-05:00
688|1498|2021-11-20-11:09:18.5912882-05:00
60|1499|2021-11-20-11:09:18.5912921-05:00
448|1500|2021-11-20-11:09:18.5912959-05:00
1688|1501|2021-11-20-11:09:18.5913046-05:00
289|1502|2021-11-20-11:09:18.5913091-05:00
540|1503|2021-11-20-11:09:18.5913131-05:00
1897|1504|2021-11-20-11:09:18.5913171-05:00
1649|1505|2021-11-20-11:09:18.5913211-05:00
1160|1506|2021-11-20-11:09:18.5913251-05:00
1032|1507|2021-11-20-11:09:18.5913290-05:00
654|1508|2021-11-20-11:09:18.5913330-05:00
1924|1509|2021-11-20-11:09:18.5913369-05:00
1087|1510|2021-11-20-11:09:18.5913409-05:00
1282|1511|2021-11-20-11:09:18.5913553-05:00
1036|1512|2021-11-20-11:09:18.5913685-05:00
78|1513|2021-11-20-11:09:18.5913821-05:00
386|1514|2021-11-20-11:09:18.5913868-05:00
1179|1515|2021-11-20-11:09:18.5913907-05:00
1405|1516|2021-11-20-11:09:18.5914040-05:00
109|1517|2021-11-20-11:09:18.5914091-05:00
440|1518|2021-11-20-11:09:18.5914219-05:00
824|1519|2021-11-20-11:09:18.5914264-05:00
1003|1520|2021-11-20-11:09:18.5914302-05:00
10|1521|2021-11-20-11:09:18.5914341-05:00
291|1522|2021-11-20-11:09:18.5914379-05:00
477|1523|2021-11-20-11:09:18.5914416-05:00
1016|1524|2021-11-20-11:09:18.5914454-05:00
316|1525|2021-11-20-11:09:18.5914493-05:00
255|1526|2021-11-20-11:09:18.5914531-05:00
77|1527|2021-11-20-11:09:18.5914568-05:00
475|1528|2021-11-20-11:09:18.5914607-05:00
1722|1529|2021-11-20-11:09:18.5914645-05:00
86|1530|2021-11-20-11:09:18.5914684-05:00
1690|1531|2021-11-20-11:09:18.5914721-05:00
1598|1532|2021-11-20-11:09:18.5914759-05:00
187|1533|2021-11-20-11:09:18.5914797-05:00
45|1534|2021-11-20-11:09:18.5914835-05:00
1577|1535|2021-11-20-11:09:18.5914873-05:00
1136|1536|2021-11-20-11:09:18.5914910-05:00
1398|1537|2021-11-20-11:09:18.5914948-05:00
1671|1538|2021-11-20-11:09:18.5914986-05:00
506|1539|2021-11-20-11:09:18.5915023-05:00
391|1540|2021-11-20-11:09:18.5915060-05:00
1088|1541|2021-11-20-11:09:18.5915098-05:00
1369|1542|2021-11-20-11:09:18.5915134-05:00
1388|1543|2021-11-20-11:09:18.5915171-05:00
1108|1544|2021-11-20-11:09:18.5915208-05:00
251|1545|2021-11-20-11:09:18.5915246-05:00
276|1546|2021-11-20-11:09:18.5915284-05:00
965|1547|2021-11-20-11:09:18.5915320-05:00
1168|1548|2021-11-20-11:09:18.5915357-05:00
1898|1549|2021-11-20-11:09:18.5915447-05:00
228|1550|2021-11-20-11:09:18.5915490-05:00
1202|1551|2021-11-20-11:09:18.5915528-05:00
376|1552|2021-11-20-11:09:18.5915565-05:00
1863|1553|2021-11-20-11:09:18.5915602-05:00
1056|1554|2021-11-20-11:09:18.5915638-05:00
439|1555|2021-11-20-11:09:18.5915675-05:00
1398|1556|2021-11-20-11:09:18.5915711-05:00
1812|1557|2021-11-20-11:09:18.5915747-05:00
1524|1558|2021-11-20-11:09:18.5915784-05:00
1582|1559|2021-11-20-11:09:18.5915819-05:00
1395|1560|2021-11-20-11:09:18.5915856-05:00
1083|1561|2021-11-20-11:09:18.5915893-05:00
558|1562|2021-11-20-11:09:18.5915929-05:00
932|1563|2021-11-20-11:09:18.5915965-05:00
1839|1564|2021-11-20-11:09:18.5916001-05:00
1396|1565|2021-11-20-11:09:18.5916036-05:00
1684|1566|2021-11-20-11:09:18.5916071-05:00
850|1567|2021-11-20-11:09:18.5916106-05:00
34|1568|2021-11-20-11:09:18.5916141-05:00
808|1569|2021-11-20-11:09:18.5916176-05:00
44|1570|2021-11-20-11:09:18.5916229-05:00
7|1571|2021-11-20-11:09:18.5916269-05:00
437|1572|2021-11-20-11:09:18.5916305-05:00
1934|1573|2021-11-20-11:09:18.5916340-05:00
434|1574|2021-11-20-11:09:18.5916375-05:00
1915|1575|2021-11-20-11:09:18.5916410-05:00
640|1576|2021-11-20-11:09:18.5916445-05:00
903|1577|2021-11-20-11:09:18.5916481-05:00
1368|1578|2021-11-20-11:09:18.5916517-05:00
765|1579|2021-11-20-11:09:18.5916552-05:00
40|1580|2021-11-20-11:09:18.5916586-05:00
1290|1581|2021-11-20-11:09:18.5916621-05:00
909|1582|2021-11-20-11:09:18.5916702-05:00
577|1583|2021-11-20-11:09:18.5916742-05:00
1494|1584|2021-11-20-11:09:18.5916778-05:00
884|1585|2021-11-20-11:09:18.5916813-05:00
1315|1586|2021-11-20-11:09:18.5916848-05:00
1735|1587|2021-11-20-11:09:18.5916882-05:00
1131|1588|2021-11-20-11:09:18.5916918-05:00
1606|1589|2021-11-20-11:09:18.5916953-05:00
180|1590|2021-11-20-11:09:18.5916988-05:00
1324|1591|2021-11-20-11:09:18.5917022-05:00
1873|1592|2021-11-20-11:09:18.5917057-05:00
90|1593|2021-11-20-11:09:18.5917092-05:00
1111|1594|2021-11-20-11:09:18.5917126-05:00
1307|1595|2021-11-20-11:09:18.5917160-05:00
531|1596|2021-11-20-11:09:18.5917194-05:00
438|1597|2021-11-20-11:09:18.5917228-05:00
1548|1598|2021-11-20-11:09:18.5917262-05:00
1712|1599|2021-11-20-11:09:18.5917296-05:00
567|1600|2021-11-20-11:09:18.5917329-05:00
1426|1601|2021-11-20-11:09:18.5917363-05:00
931|1602|2021-11-20-11:09:18.5917396-05:00
361|1603|2021-11-20-11:09:18.5917430-05:00
1854|1604|2021-11-20-11:09:18.5917463-05:00
222|1605|2021-11-20-11:09:18.5917496-05:00
765|1606|2021-11-20-11:09:18.5917530-05:00
442|1607|2021-11-20-11:09:18.5917563-05:00
1429|1608|2021-11-20-11:09:18.5917596-05:00
1141|1609|2021-11-20-11:09:18.5917629-05:00
1798|1610|2021-11-20-11:09:18.5917663-05:00
496|1611|2021-11-20-11:09:18.5917696-05:00
444|1612|2021-11-20-11:09:18.5917730-05:00
760|1613|2021-11-20-11:09:18.5917763-05:00
1542|1614|2021-11-20-11:09:18.5917796-05:00
105|1615|2021-11-20-11:09:18.5917871-05:00
175|1616|2021-11-20-11:09:18.5917909-05:00
1980|1617|2021-11-20-11:09:18.5917960-05:00
1437|1618|2021-11-20-11:09:18.5917997-05:00
956|1619|2021-11-20-11:09:18.5918031-05:00
82|1620|2021-11-20-11:09:18.5918063-05:00
1949|1621|2021-11-20-11:09:18.5918096-05:00
1718|1622|2021-11-20-11:09:18.5918128-05:00
428|1623|2021-11-20-11:09:18.5918162-05:00
629|1624|2021-11-20-11:09:18.5918195-05:00
719|1625|2021-11-20-11:09:18.5918227-05:00
134|1626|2021-11-20-11:09:18.5918259-05:00
348|1627|2021-11-20-11:09:18.5918291-05:00
824|1628|2021-11-20-11:09:18.5918324-05:00
1126|1629|2021-11-20-11:09:18.5918356-05:00
1384|1630|2021-11-20-11:09:18.5918388-05:00
202|1631|2021-11-20-11:09:18.5918419-05:00
1354|1632|2021-11-20-11:09:18.5918450-05:00
1655|1633|2021-11-20-11:09:18.5918481-05:00
199|1634|2021-11-20-11:09:18.5918513-05:00
613|1635|2021-11-20-11:09:18.5918544-05:00
360|1636|2021-11-20-11:09:18.5918575-05:00
549|1637|2021-11-20-11:09:18.5918606-05:00
722|1638|2021-11-20-11:09:18.5918637-05:00
1273|1639|2021-11-20-11:09:18.5918669-05:00
119|1640|2021-11-20-11:09:18.5918701-05:00
874|1641|2021-11-20-11:09:18.5918736-05:00
306|1642|2021-11-20-11:09:18.5918767-05:00
1989|1643|2021-11-20-11:09:18.5918798-05:00
1807|1644|2021-11-20-11:09:18.5918830-05:00
1683|1645|2021-11-20-11:09:18.5918861-05:00
880|1646|2021-11-20-11:09:18.5918892-05:00
1114|1647|2021-11-20-11:09:18.5918923-05:00
547|1648|2021-11-20-11:09:18.5918996-05:00
1006|1649|2021-11-20-11:09:18.5919032-05:00
1133|1650|2021-11-20-11:09:18.5919064-05:00
551|1651|2021-11-20-11:09:18.5919095-05:00
1001|1652|2021-11-20-11:09:18.5919126-05:00
593|1653|2021-11-20-11:09:18.5919157-05:00
1631|1654|2021-11-20-11:09:18.5919189-05:00
617|1655|2021-11-20-11:09:18.5919219-05:00
1707|1656|2021-11-20-11:09:18.5919251-05:00
503|1657|2021-11-20-11:09:18.5919283-05:00
1731|1658|2021-11-20-11:09:18.5919314-05:00
1135|1659|2021-11-20-11:09:18.5919344-05:00
88|1660|2021-11-20-11:09:18.5919376-05:00
418|1661|2021-11-20-11:09:18.5919406-05:00
1617|1662|2021-11-20-11:09:18.5919437-05:00
304|1663|2021-11-20-11:09:18.5919467-05:00
1757|1664|2021-11-20-11:09:18.5919497-05:00
1596|1665|2021-11-20-11:09:18.5919528-05:00
1142|1666|2021-11-20-11:09:18.5919558-05:00
789|1667|2021-11-20-11:09:18.5919588-05:00
561|1668|2021-11-20-11:09:18.5919618-05:00
930|1669|2021-11-20-11:09:18.5919648-05:00
1745|1670|2021-11-20-11:09:18.5919677-05:00
1626|1671|2021-11-20-11:09:18.5919708-05:00
1259|1672|2021-11-20-11:09:18.5919738-05:00
164|1673|2021-11-20-11:09:18.5919770-05:00
838|1674|2021-11-20-11:09:18.5919800-05:00
1207|1675|2021-11-20-11:09:18.5919829-05:00
1644|1676|2021-11-20-11:09:18.5919859-05:00
1729|1677|2021-11-20-11:09:18.5919888-05:00
621|1678|2021-11-20-11:09:18.5919917-05:00
945|1679|2021-11-20-11:09:18.5919946-05:00
1839|1680|2021-11-20-11:09:18.5919975-05:00
1019|1681|2021-11-20-11:09:18.5920045-05:00
1800|1682|2021-11-20-11:09:18.5920079-05:00
1817|1683|2021-11-20-11:09:18.5920110-05:00
1993|1684|2021-11-20-11:09:18.5920140-05:00
834|1685|2021-11-20-11:09:18.5920170-05:00
1201|1686|2021-11-20-11:09:18.5920200-05:00
762|1687|2021-11-20-11:09:18.5920229-05:00
25|1688|2021-11-20-11:09:18.5920259-05:00
1581|1689|2021-11-20-11:09:18.5920289-05:00
905|1690|2021-11-20-11:09:18.5920317-05:00
1856|1691|2021-11-20-11:09:18.5920347-05:00
817|1692|2021-11-20-11:09:18.5920375-05:00
1586|1693|2021-11-20-11:09:18.5920403-05:00
1185|1694|2021-11-20-11:09:18.5920430-05:00
1700|1695|2021-11-20-11:09:18.5920458-05:00
1256|1696|2021-11-20-11:09:18.5920564-05:00
3|1697|2021-11-20-11:09:18.5920601-05:00
233|1698|2021-11-20-11:09:18.5920632-05:00
211|1699|2021-11-20-11:09:18.5920661-05:00
542|1700|2021-11-20-11:09:18.5920690-05:00
92|1701|2021-11-20-11:09:18.5920718-05:00
553|1702|2021-11-20-11:09:18.5920746-05:00
1617|1703|2021-11-20-11:09:18.5920775-05:00
1260|1704|2021-11-20-11:09:18.5920803-05:00
1506|1705|2021-11-20-11:09:18.5920833-05:00
1291|1706|2021-11-20-11:09:18.5920862-05:00
837|1707|2021-11-20-11:09:18.5920891-05:00
1754|1708|2021-11-20-11:09:18.5920919-05:00
424|1709|2021-11-20-11:09:18.5920947-05:00
973|1710|2021-11-20-11:09:18.5920976-05:00
1978|1711|2021-11-20-11:09:18.5921004-05:00
1882|1712|2021-11-20-11:09:18.5921032-05:00
786|1713|2021-11-20-11:09:18.5921060-05:00
1296|1714|2021-11-20-11:09:18.5921088-05:00
1069|1715|2021-11-20-11:09:18.5921115-05:00
618|1716|2021-11-20-11:09:18.5921143-05:00
1799|1717|2021-11-20-11:09:18.5921171-05:00
310|1718|2021-11-20-11:09:18.5921198-05:00
923|1719|2021-11-20-11:09:18.5921226-05:00
396|1720|2021-11-20-11:09:18.5921254-05:00
380|1721|2021-11-20-11:09:18.5921282-05:00
765|1722|2021-11-20-11:09:18.5921309-05:00
980|1723|2021-11-20-11:09:18.5921336-05:00
25|1724|2021-11-20-11:09:18.5921363-05:00
1889|1725|2021-11-20-11:09:18.5921390-05:00
809|1726|2021-11-20-11:09:18.5921417-05:00
1672|1727|2021-11-20-11:09:18.5921444-05:00
978|1728|2021-11-20-11:09:18.5921471-05:00
1138|1729|2021-11-20-11:09:18.5921545-05:00
1951|1730|2021-11-20-11:09:18.5921578-05:00
1642|1731|2021-11-20-11:09:18.5921606-05:00
1496|1732|2021-11-20-11:09:18.5921633-05:00
410|1733|2021-11-20-11:09:18.5921660-05:00
404|1734|2021-11-20-11:09:18.5921687-05:00
1748|1735|2021-11-20-11:09:18.5921714-05:00
466|1736|2021-11-20-11:09:18.5921741-05:00
184|1737|2021-11-20-11:09:18.5921768-05:00
558|1738|2021-11-20-11:09:18.5921883-05:00
488|1739|2021-11-20-11:09:18.5921919-05:00
1542|1740|2021-11-20-11:09:18.5921946-05:00
365|1741|2021-11-20-11:09:18.5921973-05:00
1007|1742|2021-11-20-11:09:18.5921999-05:00
1600|1743|2021-11-20-11:09:18.5922026-05:00
608|1744|2021-11-20-11:09:18.5922052-05:00
926|1745|2021-11-20-11:09:18.5922079-05:00
1973|1746|2021-11-20-11:09:18.5922195-05:00
31|1747|2021-11-20-11:09:18.5922227-05:00
291|1748|2021-11-20-11:09:18.5922252-05:00
117|1749|2021-11-20-11:09:18.5922278-05:00
1083|1750|2021-11-20-11:09:18.5922304-05:00
1456|1751|2021-11-20-11:09:18.5922330-05:00
1692|1752|2021-11-20-11:09:18.5922356-05:00
1309|1753|2021-11-20-11:09:18.5922382-05:00
1815|1754|2021-11-20-11:09:18.5922408-05:00
162|1755|2021-11-20-11:09:18.5922434-05:00
1327|1756|2021-11-20-11:09:18.5922459-05:00
1573|1757|2021-11-20-11:09:18.5922485-05:00
1592|1758|2021-11-20-11:09:18.5922529-05:00
1371|1759|2021-11-20-11:09:18.5922559-05:00
697|1760|2021-11-20-11:09:18.5922585-05:00
1619|1761|2021-11-20-11:09:18.5922612-05:00
1858|1762|2021-11-20-11:09:18.5922679-05:00
617|1763|2021-11-20-11:09:18.5922709-05:00
473|1764|2021-11-20-11:09:18.5922735-05:00
1331|1765|2021-11-20-11:09:18.5922762-05:00
483|1766|2021-11-20-11:09:18.5922788-05:00
1473|1767|2021-11-20-11:09:18.5922814-05:00
383|1768|2021-11-20-11:09:18.5922840-05:00
1548|1769|2021-11-20-11:09:18.5922866-05:00
603|1770|2021-11-20-11:09:18.5922892-05:00
434|1771|2021-11-20-11:09:18.5922917-05:00
1242|1772|2021-11-20-11:09:18.5922941-05:00
1822|1773|2021-11-20-11:09:18.5922965-05:00
1381|1774|2021-11-20-11:09:18.5922990-05:00
31|1775|2021-11-20-11:09:18.5923015-05:00
1373|1776|2021-11-20-11:09:18.5923039-05:00
1164|1777|2021-11-20-11:09:18.5923063-05:00
372|1778|2021-11-20-11:09:18.5923088-05:00
1098|1779|2021-11-20-11:09:18.5923112-05:00
1915|1780|2021-11-20-11:09:18.5923136-05:00
779|1781|2021-11-20-11:09:18.5923160-05:00
1382|1782|2021-11-20-11:09:18.5923185-05:00
862|1783|2021-11-20-11:09:18.5923209-05:00
55|1784|2021-11-20-11:09:18.5923233-05:00
496|1785|2021-11-20-11:09:18.5923257-05:00
1949|1786|2021-11-20-11:09:18.5923281-05:00
188|1787|2021-11-20-11:09:18.5923305-05:00
594|1788|2021-11-20-11:09:18.5923329-05:00
242|1789|2021-11-20-11:09:18.5923354-05:00
422|1790|2021-11-20-11:09:18.5923378-05:00
893|1791|2021-11-20-11:09:18.5923401-05:00
591|1792|2021-11-20-11:09:18.5923520-05:00
1187|1793|2021-11-20-11:09:18.5923559-05:00
1790|1794|2021-11-20-11:09:18.5923674-05:00
1922|1795|2021-11-20-11:09:18.5923844-05:00
507|1796|2021-11-20-11:09:18.5923879-05:00
391|1797|2021-11-20-11:09:18.5923904-05:00
1128|1798|2021-11-20-11:09:18.5923929-05:00
1276|1799|2021-11-20-11:09:18.5923954-05:00
444|1800|2021-11-20-11:09:18.5923979-05:00
501|1801|2021-11-20-11:09:18.5924003-05:00
1648|1802|2021-11-20-11:09:18.5924027-05:00
743|1803|2021-11-20-11:09:18.5924051-05:00
1514|1804|2021-11-20-11:09:18.5924187-05:00
649|1805|2021-11-20-11:09:18.5924224-05:00
214|1806|2021-11-20-11:09:18.5924249-05:00
1870|1807|2021-11-20-11:09:18.5924274-05:00
1927|1808|2021-11-20-11:09:18.5924299-05:00
1785|1809|2021-11-20-11:09:18.5924323-05:00
789|1810|2021-11-20-11:09:18.5924348-05:00
163|1811|2021-11-20-11:09:18.5924372-05:00
1202|1812|2021-11-20-11:09:18.5924487-05:00
495|1813|2021-11-20-11:09:18.5924513-05:00
1455|1814|2021-11-20-11:09:18.5924535-05:00
1918|1815|2021-11-20-11:09:18.5924559-05:00
238|1816|2021-11-20-11:09:18.5924581-05:00
997|1817|2021-11-20-11:09:18.5924694-05:00
562|1818|2021-11-20-11:09:18.5924723-05:00
1977|1819|2021-11-20-11:09:18.5924746-05:00
1382|1820|2021-11-20-11:09:18.5924769-05:00
296|1821|2021-11-20-11:09:18.5924792-05:00
879|1822|2021-11-20-11:09:18.5924815-05:00
141|1823|2021-11-20-11:09:18.5924838-05:00
1126|1824|2021-11-20-11:09:18.5924860-05:00
1710|1825|2021-11-20-11:09:18.5924884-05:00
1843|1826|2021-11-20-11:09:18.5924997-05:00
56|1827|2021-11-20-11:09:18.5925027-05:00
32|1828|2021-11-20-11:09:18.5925108-05:00
1458|1829|2021-11-20-11:09:18.5925139-05:00
1524|1830|2021-11-20-11:09:18.5925164-05:00
982|1831|2021-11-20-11:09:18.5925188-05:00
37|1832|2021-11-20-11:09:18.5925213-05:00
1095|1833|2021-11-20-11:09:18.5925237-05:00
654|1834|2021-11-20-11:09:18.5925261-05:00
1415|1835|2021-11-20-11:09:18.5925285-05:00
1130|1836|2021-11-20-11:09:18.5925309-05:00
640|1837|2021-11-20-11:09:18.5925332-05:00
1347|1838|2021-11-20-11:09:18.5925356-05:00
1406|1839|2021-11-20-11:09:18.5925379-05:00
282|1840|2021-11-20-11:09:18.5925403-05:00
79|1841|2021-11-20-11:09:18.5925522-05:00
260|1842|2021-11-20-11:09:18.5925549-05:00
809|1843|2021-11-20-11:09:18.5925572-05:00
1453|1844|2021-11-20-11:09:18.5925687-05:00
259|1845|2021-11-20-11:09:18.5925803-05:00
1690|1846|2021-11-20-11:09:18.5925829-05:00
96|1847|2021-11-20-11:09:18.5925851-05:00
1731|1848|2021-11-20-11:09:18.5925873-05:00
1871|1849|2021-11-20-11:09:18.5925895-05:00
1685|1850|2021-11-20-11:09:18.5925917-05:00
1510|1851|2021-11-20-11:09:18.5925939-05:00
1828|1852|2021-11-20-11:09:18.5925960-05:00
1151|1853|2021-11-20-11:09:18.5925981-05:00
1894|1854|2021-11-20-11:09:18.5926003-05:00
149|1855|2021-11-20-11:09:18.5926024-05:00
1621|1856|2021-11-20-11:09:18.5926046-05:00
1507|1857|2021-11-20-11:09:18.5926067-05:00
1616|1858|2021-11-20-11:09:18.5926088-05:00
1804|1859|2021-11-20-11:09:18.5926109-05:00
805|1860|2021-11-20-11:09:18.5926131-05:00
159|1861|2021-11-20-11:09:18.5926205-05:00
1838|1862|2021-11-20-11:09:18.5926233-05:00
470|1863|2021-11-20-11:09:18.5926258-05:00
262|1864|2021-11-20-11:09:18.5926280-05:00
1806|1865|2021-11-20-11:09:18.5926302-05:00
127|1866|2021-11-20-11:09:18.5926324-05:00
107|1867|2021-11-20-11:09:18.5926346-05:00
1840|1868|2021-11-20-11:09:18.5926367-05:00
40|1869|2021-11-20-11:09:18.5926388-05:00
788|1870|2021-11-20-11:09:18.5926409-05:00
1598|1871|2021-11-20-11:09:18.5926429-05:00
1649|1872|2021-11-20-11:09:18.5926450-05:00
1155|1873|2021-11-20-11:09:18.5926471-05:00
1695|1874|2021-11-20-11:09:18.5926492-05:00
1303|1875|2021-11-20-11:09:18.5926513-05:00
37|1876|2021-11-20-11:09:18.5926587-05:00
70|1877|2021-11-20-11:09:18.5926615-05:00
688|1878|2021-11-20-11:09:18.5926637-05:00
868|1879|2021-11-20-11:09:18.5926659-05:00
20|1880|2021-11-20-11:09:18.5926680-05:00
1747|1881|2021-11-20-11:09:18.5926702-05:00
324|1882|2021-11-20-11:09:18.5926724-05:00
161|1883|2021-11-20-11:09:18.5926744-05:00
1773|1884|2021-11-20-11:09:18.5926766-05:00
14|1885|2021-11-20-11:09:18.5926786-05:00
1154|1886|2021-11-20-11:09:18.5926807-05:00
885|1887|2021-11-20-11:09:18.5926828-05:00
1201|1888|2021-11-20-11:09:18.5926848-05:00
506|1889|2021-11-20-11:09:18.5926869-05:00
1793|1890|2021-11-20-11:09:18.5926889-05:00
1623|1891|2021-11-20-11:09:18.5926910-05:00
1023|1892|2021-11-20-11:09:18.5926930-05:00
1543|1893|2021-11-20-11:09:18.5926951-05:00
602|1894|2021-11-20-11:09:18.5926971-05:00
123|1895|2021-11-20-11:09:18.5926991-05:00
241|1896|2021-11-20-11:09:18.5927011-05:00
1789|1897|2021-11-20-11:09:18.5927032-05:00
548|1898|2021-11-20-11:09:18.5927052-05:00
1646|1899|2021-11-20-11:09:18.5927072-05:00
133|1900|2021-11-20-11:09:18.5927092-05:00
1584|1901|2021-11-20-11:09:18.5927112-05:00
255|1902|2021-11-20-11:09:18.5927201-05:00
1692|1903|2021-11-20-11:09:18.5927230-05:00
1083|1904|2021-11-20-11:09:18.5927253-05:00
88|1905|2021-11-20-11:09:18.5927273-05:00
1861|1906|2021-11-20-11:09:18.5927293-05:00
673|1907|2021-11-20-11:09:18.5927312-05:00
1455|1908|2021-11-20-11:09:18.5927332-05:00
591|1909|2021-11-20-11:09:18.5927351-05:00
113|1910|2021-11-20-11:09:18.5927371-05:00
1552|1911|2021-11-20-11:09:18.5927390-05:00
820|1912|2021-11-20-11:09:18.5927410-05:00
749|1913|2021-11-20-11:09:18.5927429-05:00
1784|1914|2021-11-20-11:09:18.5927448-05:00
1057|1915|2021-11-20-11:09:18.5927467-05:00
1834|1916|2021-11-20-11:09:18.5927486-05:00
1678|1917|2021-11-20-11:09:18.5927505-05:00
697|1918|2021-11-20-11:09:18.5927524-05:00
248|1919|2021-11-20-11:09:18.5927543-05:00
653|1920|2021-11-20-11:09:18.5927562-05:00
1241|1921|2021-11-20-11:09:18.5927580-05:00
906|1922|2021-11-20-11:09:18.5927599-05:00
1335|1923|2021-11-20-11:09:18.5927618-05:00
246|1924|2021-11-20-11:09:18.5927636-05:00
1165|1925|2021-11-20-11:09:18.5927654-05:00
575|1926|2021-11-20-11:09:18.5927673-05:00
106|1927|2021-11-20-11:09:18.5927691-05:00
554|1928|2021-11-20-11:09:18.5927709-05:00
1573|1929|2021-11-20-11:09:18.5927727-05:00
1063|1930|2021-11-20-11:09:18.5927745-05:00
247|1931|2021-11-20-11:09:18.5927764-05:00
1521|1932|2021-11-20-11:09:18.5927782-05:00
1041|1933|2021-11-20-11:09:18.5927800-05:00
736|1934|2021-11-20-11:09:18.5927818-05:00
436|1935|2021-11-20-11:09:18.5927886-05:00
1493|1936|2021-11-20-11:09:18.5927911-05:00
632|1937|2021-11-20-11:09:18.5927930-05:00
1077|1938|2021-11-20-11:09:18.5927949-05:00
1685|1939|2021-11-20-11:09:18.5927967-05:00
153|1940|2021-11-20-11:09:18.5927986-05:00
481|1941|2021-11-20-11:09:18.5928004-05:00
1430|1942|2021-11-20-11:09:18.5928022-05:00
610|1943|2021-11-20-11:09:18.5928040-05:00
394|1944|2021-11-20-11:09:18.5928059-05:00
242|1945|2021-11-20-11:09:18.5928095-05:00
803|1946|2021-11-20-11:09:18.5928118-05:00
275|1947|2021-11-20-11:09:18.5928137-05:00
1758|1948|2021-11-20-11:09:18.5928248-05:00
1544|1949|2021-11-20-11:09:18.5928275-05:00
288|1950|2021-11-20-11:09:18.5928293-05:00
562|1951|2021-11-20-11:09:18.5928311-05:00
1093|1952|2021-11-20-11:09:18.5928329-05:00
301|1953|2021-11-20-11:09:18.5928347-05:00
994|1954|2021-11-20-11:09:18.5928364-05:00
891|1955|2021-11-20-11:09:18.5928382-05:00
678|1956|2021-11-20-11:09:18.5928493-05:00
920|1957|2021-11-20-11:09:18.5928513-05:00
1446|1958|2021-11-20-11:09:18.5928530-05:00
1918|1959|2021-11-20-11:09:18.5928547-05:00
1512|1960|2021-11-20-11:09:18.5928564-05:00
1755|1961|2021-11-20-11:09:18.5928581-05:00
120|1962|2021-11-20-11:09:18.5928598-05:00
1882|1963|2021-11-20-11:09:18.5928614-05:00
1527|1964|2021-11-20-11:09:18.5928631-05:00
1865|1965|2021-11-20-11:09:18.5928648-05:00
31|1966|2021-11-20-11:09:18.5928664-05:00
1779|1967|2021-11-20-11:09:18.5928685-05:00
13|1968|2021-11-20-11:09:18.5928748-05:00
1349|1969|2021-11-20-11:09:18.5928771-05:00
1564|1970|2021-11-20-11:09:18.5928890-05:00
1203|1971|2021-11-20-11:09:18.5928928-05:00
601|1972|2021-11-20-11:09:18.5928985-05:00
1011|1973|2021-11-20-11:09:18.5929052-05:00
95|1974|2021-11-20-11:09:18.5929092-05:00
172|1975|2021-11-20-11:09:18.5929293-05:00
1810|1976|2021-11-20-11:09:18.5929320-05:00
297|1977|2021-11-20-11:09:18.5929337-05:00
942|1978|2021-11-20-11:09:18.5929353-05:00
5|1979|2021-11-20-11:09:18.5929369-05:00
363|1980|2021-11-20-11:09:18.5929384-05:00
300|1981|2021-11-20-11:09:18.5929400-05:00
347|1982|2021-11-20-11:09:18.5929416-05:00
1010|1983|2021-11-20-11:09:18.5929431-05:00
1285|1984|2021-11-20-11:09:18.5929446-05:00
502|1985|2021-11-20-11:09:18.5929462-05:00
1153|1986|2021-11-20-11:09:18.5929477-05:00
1221|1987|2021-11-20-11:09:18.5929492-05:00
47|1988|2021-11-20-11:09:18.5929507-05:00
1844|1989|2021-11-20-11:09:18.5929522-05:00
1758|1990|2021-11-20-11:09:18.5929537-05:00
573|1991|2021-11-20-11:09:18.5929583-05:00
1186|1992|2021-11-20-11:09:18.5929607-05:00
1159|1993|2021-11-20-11:09:18.5929625-05:00
173|1994|2021-11-20-11:09:18.5929642-05:00
398|1995|2021-11-20-11:09:18.5929658-05:00
362|1996|2021-11-20-11:09:18.5929674-05:00
1548|1997|2021-11-20-11:09:18.5929690-05:00
1082|1998|2021-11-20-11:09:18.5929707-05:00
528|1999|2021-11-20-11:09:18.5929723-05:00
original|1,2,3,4,5,6,7,8,9,10,11,12,13,14,15,16,17,18,19,20,21,22,23,24,25,26,27,28,29,30,31,32,33,34,35,36,37,38,39,40,41,42,43,44,45,46,47,48,49,50,51,52,53,54,55,56,57,58,59,60,61,62,63,64,65,66,67,68,69,70,71,72,73,74,75,76,77,78,79,80,81,82,83,84,85,86,87,88,89,90,91,92,93,94,95,96,97,98,99,100,101,102,103,104,105,106,107,108,109,110,111,112,113,114,115,116,117,118,119,120,121,122,123,124,125,126,127,128,129,130,131,132,133,134,135,136,137,138,139,140,141,142,143,144,145,146,147,148,149,150,151,152,153,154,155,156,157,158,159,160,161,162,163,164,165,166,167,168,169,170,171,172,173,174,175,176,177,178,179,180,181,182,183,184,185,186,187,188,189,190,191,192,193,194,195,196,197,198,199,200,201,202,203,204,205,206,207,208,209,210,211,212,213,214,215,216,217,218,219,220,221,222,223,224,225,226,227,228,229,230,231,232,233,234,235,236,237,238,239,240,241,242,243,244,245,246,247,248,249,250,251,252,253,254,255,256,257,258,259,260,261,262,263,264,265,266,267,268,269,270,271,272,273,274,275,276,277,278,279,280,281,282,283,284,285,286,287,288,289,290,291,292,293,294,295,296,297,298,299,300,301,302,303,304,305,306,307,308,309,310,311,312,313,314,315,316,317,318,319,320,321,322,323,324,325,326,327,328,329,330,331,332,333,334,335,336,337,338,339,340,341,342,343,344,345,346,347,348,349,350,351,352,353,354,355,356,357,358,359,360,361,362,363,364,365,366,367,368,369,370,371,372,373,374,375,376,377,378,379,380,381,382,383,384,385,386,387,388,389,390,391,392,393,394,395,396,397,398,399,400,401,402,403,404,405,406,407,408,409,410,411,412,413,414,415,416,417,418,419,420,421,422,423,424,425,426,427,428,429,430,431,432,433,434,435,436,437,438,439,440,441,442,443,444,445,446,447,448,449,450,451,452,453,454,455,456,457,458,459,460,461,462,463,464,465,466,467,468,469,470,471,472,473,474,475,476,477,478,479,480,481,482,483,484,485,486,487,488,489,490,491,492,493,494,495,496,497,498,499,500,501,502,503,504,505,506,507,508,509,510,511,512,513,514,515,516,517,518,519,520,521,522,523,524,525,526,527,528,529,530,531,532,533,534,535,536,537,538,539,540,541,542,543,544,545,546,547,548,549,550,551,552,553,554,555,556,557,558,559,560,561,562,563,564,565,566,567,568,569,570,571,572,573,574,575,576,577,578,579,580,581,582,583,584,585,586,587,588,589,590,591,592,593,594,595,596,597,598,599,600,601,602,603,604,605,606,607,608,609,610,611,612,613,614,615,616,617,618,619,620,621,622,623,624,625,626,627,628,629,630,631,632,633,634,635,636,637,638,639,640,641,642,643,644,645,646,647,648,649,650,651,652,653,654,655,656,657,658,659,660,661,662,663,664,665,666,667,668,669,670,671,672,673,674,675,676,677,678,679,680,681,682,683,684,685,686,687,688,689,690,691,692,693,694,695,696,697,698,699,700,701,702,703,704,705,706,707,708,709,710,711,712,713,714,715,716,717,718,719,720,721,722,723,724,725,726,727,728,729,730,731,732,733,734,735,736,737,738,739,740,741,742,743,744,745,746,747,748,749,750,751,752,753,754,755,756,757,758,759,760,761,762,763,764,765,766,767,768,769,770,771,772,773,774,775,776,777,778,779,780,781,782,783,784,785,786,787,788,789,790,791,792,793,794,795,796,797,798,799,800,801,802,803,804,805,806,807,808,809,810,811,812,813,814,815,816,817,818,819,820,821,822,823,824,825,826,827,828,829,830,831,832,833,834,835,836,837,838,839,840,841,842,843,844,845,846,847,848,849,850,851,852,853,854,855,856,857,858,859,860,861,862,863,864,865,866,867,868,869,870,871,872,873,874,875,876,877,878,879,880,881,882,883,884,885,886,887,888,889,890,891,892,893,894,895,896,897,898,899,900,901,902,903,904,905,906,907,908,909,910,911,912,913,914,915,916,917,918,919,920,921,922,923,924,925,926,927,928,929,930,931,932,933,934,935,936,937,938,939,940,941,942,943,944,945,946,947,948,949,950,951,952,953,954,955,956,957,958,959,960,961,962,963,964,965,966,967,968,969,970,971,972,973,974,975,976,977,978,979,980,981,982,983,984,985,986,987,988,989,990,991,992,993,994,995,996,997,998,999,1000,1001,1002,1003,1004,1005,1006,1007,1008,1009,1010,1011,1012,1013,1014,1015,1016,1017,1018,1019,1020,1021,1022,1023,1024,1025,1026,1027,1028,1029,1030,1031,1032,1033,1034,1035,1036,1037,1038,1039,1040,1041,1042,1043,1044,1045,1046,1047,1048,1049,1050,1051,1052,1053,1054,1055,1056,1057,1058,1059,1060,1061,1062,1063,1064,1065,1066,1067,1068,1069,1070,1071,1072,1073,1074,1075,1076,1077,1078,1079,1080,1081,1082,1083,1084,1085,1086,1087,1088,1089,1090,1091,1092,1093,1094,1095,1096,1097,1098,1099,1100,1101,1102,1103,1104,1105,1106,1107,1108,1109,1110,1111,1112,1113,1114,1115,1116,1117,1118,1119,1120,1121,1122,1123,1124,1125,1126,1127,1128,1129,1130,1131,1132,1133,1134,1135,1136,1137,1138,1139,1140,1141,1142,1143,1144,1145,1146,1147,1148,1149,1150,1151,1152,1153,1154,1155,1156,1157,1158,1159,1160,1161,1162,1163,1164,1165,1166,1167,1168,1169,1170,1171,1172,1173,1174,1175,1176,1177,1178,1179,1180,1181,1182,1183,1184,1185,1186,1187,1188,1189,1190,1191,1192,1193,1194,1195,1196,1197,1198,1199,1200,1201,1202,1203,1204,1205,1206,1207,1208,1209,1210,1211,1212,1213,1214,1215,1216,1217,1218,1219,1220,1221,1222,1223,1224,1225,1226,1227,1228,1229,1230,1231,1232,1233,1234,1235,1236,1237,1238,1239,1240,1241,1242,1243,1244,1245,1246,1247,1248,1249,1250,1251,1252,1253,1254,1255,1256,1257,1258,1259,1260,1261,1262,1263,1264,1265,1266,1267,1268,1269,1270,1271,1272,1273,1274,1275,1276,1277,1278,1279,1280,1281,1282,1283,1284,1285,1286,1287,1288,1289,1290,1291,1292,1293,1294,1295,1296,1297,1298,1299,1300,1301,1302,1303,1304,1305,1306,1307,1308,1309,1310,1311,1312,1313,1314,1315,1316,1317,1318,1319,1320,1321,1322,1323,1324,1325,1326,1327,1328,1329,1330,1331,1332,1333,1334,1335,1336,1337,1338,1339,1340,1341,1342,1343,1344,1345,1346,1347,1348,1349,1350,1351,1352,1353,1354,1355,1356,1357,1358,1359,1360,1361,1362,1363,1364,1365,1366,1367,1368,1369,1370,1371,1372,1373,1374,1375,1376,1377,1378,1379,1380,1381,1382,1383,1384,1385,1386,1387,1388,1389,1390,1391,1392,1393,1394,1395,1396,1397,1398,1399,1400,1401,1402,1403,1404,1405,1406,1407,1408,1409,1410,1411,1412,1413,1414,1415,1416,1417,1418,1419,1420,1421,1422,1423,1424,1425,1426,1427,1428,1429,1430,1431,1432,1433,1434,1435,1436,1437,1438,1439,1440,1441,1442,1443,1444,1445,1446,1447,1448,1449,1450,1451,1452,1453,1454,1455,1456,1457,1458,1459,1460,1461,1462,1463,1464,1465,1466,1467,1468,1469,1470,1471,1472,1473,1474,1475,1476,1477,1478,1479,1480,1481,1482,1483,1484,1485,1486,1487,1488,1489,1490,1491,1492,1493,1494,1495,1496,1497,1498,1499,1500,1501,1502,1503,1504,1505,1506,1507,1508,1509,1510,1511,1512,1513,1514,1515,1516,1517,1518,1519,1520,1521,1522,1523,1524,1525,1526,1527,1528,1529,1530,1531,1532,1533,1534,1535,1536,1537,1538,1539,1540,1541,1542,1543,1544,1545,1546,1547,1548,1549,1550,1551,1552,1553,1554,1555,1556,1557,1558,1559,1560,1561,1562,1563,1564,1565,1566,1567,1568,1569,1570,1571,1572,1573,1574,1575,1576,1577,1578,1579,1580,1581,1582,1583,1584,1585,1586,1587,1588,1589,1590,1591,1592,1593,1594,1595,1596,1597,1598,1599,1600,1601,1602,1603,1604,1605,1606,1607,1608,1609,1610,1611,1612,1613,1614,1615,1616,1617,1618,1619,1620,1621,1622,1623,1624,1625,1626,1627,1628,1629,1630,1631,1632,1633,1634,1635,1636,1637,1638,1639,1640,1641,1642,1643,1644,1645,1646,1647,1648,1649,1650,1651,1652,1653,1654,1655,1656,1657,1658,1659,1660,1661,1662,1663,1664,1665,1666,1667,1668,1669,1670,1671,1672,1673,1674,1675,1676,1677,1678,1679,1680,1681,1682,1683,1684,1685,1686,1687,1688,1689,1690,1691,1692,1693,1694,1695,1696,1697,1698,1699,1700,1701,1702,1703,1704,1705,1706,1707,1708,1709,1710,1711,1712,1713,1714,1715,1716,1717,1718,1719,1720,1721,1722,1723,1724,1725,1726,1727,1728,1729,1730,1731,1732,1733,1734,1735,1736,1737,1738,1739,1740,1741,1742,1743,1744,1745,1746,1747,1748,1749,1750,1751,1752,1753,1754,1755,1756,1757,1758,1759,1760,1761,1762,1763,1764,1765,1766,1767,1768,1769,1770,1771,1772,1773,1774,1775,1776,1777,1778,1779,1780,1781,1782,1783,1784,1785,1786,1787,1788,1789,1790,1791,1792,1793,1794,1795,1796,1797,1798,1799,1800,1801,1802,1803,1804,1805,1806,1807,1808,1809,1810,1811,1812,1813,1814,1815,1816,1817,1818,1819,1820,1821,1822,1823,1824,1825,1826,1827,1828,1829,1830,1831,1832,1833,1834,1835,1836,1837,1838,1839,1840,1841,1842,1843,1844,1845,1846,1847,1848,1849,1850,1851,1852,1853,1854,1855,1856,1857,1858,1859,1860,1861,1862,1863,1864,1865,1866,1867,1868,1869,1870,1871,1872,1873,1874,1875,1876,1877,1878,1879,1880,1881,1882,1883,1884,1885,1886,1887,1888,1889,1890,1891,1892,1893,1894,1895,1896,1897,1898,1899,1900,1901,1902,1903,1904,1905,1906,1907,1908,1909,1910,1911,1912,1913,1914,1915,1916,1917,1918,1919,1920,1921,1922,1923,1924,1925,1926,1927,1928,1929,1930,1931,1932,1933,1934,1935,1936,1937,1938,1939,1940,1941,1942,1943,1944,1945,1946,1947,1948,1949,1950,1951,1952,1953,1954,1955,1956,1957,1958,1959,1960,1961,1962,1963,1964,1965,1966,1967,1968,1969,1970,1971,1972,1973,1974,1975,1976,1977,1978,1979,1980,1981,1982,1983,1984,1985,1986,1987,1988,1989,1990,1991,1992,1993,1994,1995,1996,1997,1998,1999,
sorted|System.Int32[]
