Start |2021-11-20-18:30:48.0153202-05:00
End |2021-11-20-18:30:48.0213878-05:00
Original |Sorted
1814|1
1683|2
782|3
1347|4
1465|5
161|6
1585|7
1542|8
1275|9
146|10
1618|11
1768|12
1343|13
495|14
1390|15
1317|16
745|17
1752|18
200|19
306|20
420|21
680|22
1651|23
1861|24
1206|25
606|26
958|27
1301|28
289|29
708|30
725|31
505|32
1967|33
1144|34
670|35
303|36
415|37
1333|38
842|39
142|40
160|41
1712|42
1535|43
1790|44
298|45
889|46
356|47
271|48
54|49
1272|50
1697|51
1512|52
1852|53
525|54
373|55
1130|56
32|57
926|58
136|59
861|60
1199|61
281|62
1252|63
572|64
1423|65
1111|66
1804|67
201|68
1827|69
1087|70
907|71
1415|72
913|73
55|74
145|75
711|76
1146|77
1868|78
1562|79
328|80
254|81
691|82
1250|83
1016|84
1014|85
1212|86
656|87
1448|88
779|89
1543|90
273|91
1495|92
1195|93
1984|94
945|95
1885|96
460|97
969|98
370|99
1185|100
1084|101
155|102
452|103
968|104
375|105
284|106
605|107
1797|108
384|109
1665|110
1989|111
170|112
1367|113
1817|114
609|115
517|116
1032|117
238|118
1559|119
211|120
463|121
362|122
1428|123
288|124
822|125
1418|126
218|127
933|128
1115|129
265|130
251|131
177|132
1502|133
387|134
1243|135
95|136
243|137
294|138
654|139
741|140
620|141
871|142
1073|143
1122|144
1563|145
100|146
125|147
1392|148
1385|149
444|150
859|151
222|152
1424|153
156|154
742|155
739|156
746|157
165|158
147|159
971|160
64|161
1684|162
695|163
111|164
1425|165
1818|166
684|167
1001|168
587|169
521|170
282|171
763|172
1605|173
839|174
1614|175
1606|176
1302|177
323|178
750|179
728|180
1295|181
849|182
1565|183
690|184
1429|185
29|186
783|187
1352|188
1658|189
523|190
1377|191
75|192
133|193
1703|194
675|195
951|196
185|197
973|198
1717|199
1753|200
1444|201
1154|202
821|203
886|204
164|205
103|206
636|207
598|208
566|209
1151|210
1455|211
437|212
1447|213
1452|214
1687|215
1242|216
120|217
3|218
715|219
1393|220
1060|221
1344|222
1355|223
65|224
1155|225
204|226
622|227
1912|228
168|229
679|230
1434|231
353|232
617|233
1009|234
1297|235
143|236
25|237
698|238
536|239
1322|240
1422|241
187|242
806|243
527|244
1090|245
963|246
660|247
721|248
16|249
1460|250
834|251
189|252
268|253
344|254
718|255
96|256
1815|257
768|258
1747|259
1968|260
1519|261
749|262
447|263
1899|264
1736|265
1119|266
1833|267
457|268
154|269
1550|270
1222|271
1468|272
1505|273
1407|274
1976|275
893|276
561|277
855|278
1017|279
210|280
1572|281
1916|282
1895|283
752|284
1865|285
1253|286
83|287
301|288
317|289
1203|290
364|291
1299|292
974|293
570|294
1824|295
700|296
1761|297
918|298
812|299
1974|300
1140|301
220|302
564|303
501|304
241|305
1384|306
713|307
885|308
371|309
1838|310
1571|311
993|312
1759|313
1553|314
433|315
1609|316
860|317
1715|318
34|319
497|320
1040|321
1557|322
144|323
987|324
1204|325
1927|326
509|327
949|328
1600|329
1307|330
1138|331
1668|332
42|333
1044|334
1093|335
1357|336
1370|337
1414|338
512|339
498|340
558|341
1237|342
1937|343
482|344
1656|345
1391|346
1558|347
1436|348
137|349
234|350
1858|351
46|352
882|353
327|354
979|355
1608|356
62|357
1613|358
1313|359
330|360
897|361
1780|362
1289|363
1075|364
722|365
1906|366
942|367
747|368
474|369
1094|370
246|371
1462|372
1217|373
1573|374
1943|375
1803|376
1629|377
1691|378
1331|379
1825|380
397|381
1092|382
804|383
1369|384
1467|385
1086|386
805|387
1748|388
66|389
1506|390
1283|391
1777|392
97|393
199|394
1631|395
795|396
1949|397
888|398
1778|399
1755|400
464|401
828|402
970|403
1074|404
1992|405
422|406
857|407
1320|408
388|409
1174|410
1980|411
404|412
280|413
1507|414
1933|415
1805|416
994|417
1926|418
1628|419
1641|420
1114|421
1194|422
662|423
985|424
1807|425
478|426
1342|427
1025|428
1942|429
1165|430
1859|431
740|432
1911|433
1589|434
1364|435
1579|436
121|437
1730|438
1372|439
1041|440
239|441
1487|442
1365|443
908|444
1520|445
894|446
1504|447
610|448
269|449
1828|450
1809|451
19|452
1258|453
135|454
638|455
1260|456
158|457
1985|458
1265|459
1530|460
1070|461
1841|462
1378|463
1211|464
1310|465
1238|466
487|467
686|468
124|469
376|470
1680|471
1248|472
556|473
582|474
1403|475
1642|476
1836|477
1764|478
1474|479
910|480
975|481
731|482
759|483
116|484
1354|485
1842|486
1485|487
1774|488
939|489
94|490
1417|491
141|492
465|493
1857|494
1964|495
409|496
98|497
159|498
1598|499
278|500
418|501
811|502
489|503
1903|504
150|505
555|506
1478|507
678|508
755|509
1018|510
1443|511
406|512
531|513
368|514
559|515
350|516
1081|517
1251|518
1871|519
1494|520
1771|521
717|522
1750|523
24|524
954|525
1538|526
801|527
706|528
619|529
1004|530
1536|531
1682|532
179|533
1192|534
510|535
176|536
261|537
864|538
1978|539
816|540
374|541
808|542
1037|543
1936|544
665|545
1029|546
1636|547
92|548
1294|549
1637|550
1323|551
854|552
308|553
102|554
508|555
1704|556
1064|557
461|558
957|559
624|560
1763|561
774|562
59|563
1751|564
1493|565
1769|566
237|567
1319|568
1869|569
396|570
84|571
233|572
1274|573
1061|574
1129|575
982|576
1696|577
1830|578
1362|579
1938|580
1910|581
693|582
1410|583
999|584
1676|585
672|586
1383|587
57|588
701|589
818|590
1113|591
1801|592
1909|593
1356|594
1054|595
1607|596
734|597
1270|598
453|599
909|600
793|601
314|602
255|603
921|604
1544|605
1105|606
1583|607
1231|608
989|609
1534|610
6|611
1232|612
1097|613
1024|614
705|615
1066|616
1351|617
1077|618
72|619
809|620
390|621
175|622
621|623
1053|624
1276|625
307|626
334|627
1924|628
4|629
1537|630
250|631
424|632
1379|633
469|634
1152|635
1622|636
458|637
504|638
1475|639
579|640
1117|641
148|642
1091|643
1177|644
810|645
1881|646
709|647
892|648
645|649
1991|650
257|651
1672|652
1205|653
1657|654
537|655
626|656
1693|657
1198|658
1654|659
1241|660
786|661
1669|662
1234|663
1472|664
1290|665
1615|666
1882|667
630|668
1887|669
1109|670
604|671
863|672
1627|673
1516|674
1716|675
240|676
1083|677
1461|678
253|679
1411|680
1595|681
1440|682
1264|683
14|684
1277|685
577|686
1200|687
1738|688
1940|689
519|690
1932|691
1244|692
850|693
223|694
1799|695
1458|696
903|697
1638|698
1890|699
1189|700
2000|701
69|702
1003|703
1549|704
1373|705
1387|706
40|707
1708|708
1948|709
304|710
1547|711
229|712
937|713
242|714
1667|715
1336|716
393|717
1207|718
188|719
697|720
399|721
134|722
692|723
1350|724
1169|725
1358|726
5|727
1400|728
1725|729
264|730
1318|731
1473|732
1584|733
1031|734
1406|735
1521|736
429|737
1737|738
632|739
1898|740
538|741
1518|742
1795|743
1650|744
961|745
1711|746
316|747
608|748
554|749
445|750
1050|751
1701|752
1445|753
1157|754
803|755
1870|756
1359|757
1662|758
361|759
13|760
1374|761
639|762
1987|763
1700|764
944|765
74|766
643|767
1917|768
824|769
140|770
914|771
647|772
573|773
299|774
182|775
873|776
359|777
1052|778
389|779
1489|780
1047|781
1381|782
831|783
1254|784
1171|785
1652|786
20|787
408|788
231|789
1561|790
131|791
770|792
1353|793
616|794
513|795
1896|796
1533|797
91|798
666|799
896|800
1036|801
403|802
1802|803
425|804
1527|805
414|806
1104|807
1145|808
990|809
1946|810
1511|811
319|812
1259|813
872|814
943|815
1998|816
1823|817
710|818
502|819
1309|820
52|821
263|822
1695|823
1267|824
8|825
163|826
1280|827
1957|828
1788|829
300|830
1337|831
267|832
401|833
1488|834
446|835
657|836
1604|837
432|838
1760|839
778|840
539|841
865|842
1405|843
310|844
43|845
1848|846
1509|847
493|848
1688|849
522|850
76|851
815|852
1611|853
1335|854
841|855
790|856
719|857
520|858
419|859
1361|860
1110|861
1149|862
1376|863
712|864
585|865
1228|866
1923|867
1806|868
449|869
302|870
412|871
1398|872
962|873
1735|874
792|875
1179|876
848|877
1396|878
1219|879
180|880
649|881
799|882
287|883
1255|884
213|885
547|886
653|887
1034|888
634|889
1664|890
1956|891
1078|892
12|893
385|894
1685|895
1380|896
1503|897
687|898
1728|899
797|900
1925|901
1726|902
45|903
1388|904
107|905
677|906
1856|907
1884|908
560|909
1661|910
1951|911
1308|912
1256|913
244|914
716|915
326|916
883|917
108|918
503|919
41|920
592|921
887|922
1143|923
802|924
349|925
1312|926
1395|927
586|928
56|929
1439|930
1723|931
169|932
1699|933
450|934
266|935
948|936
765|937
911|938
1153|939
1551|940
696|941
788|942
484|943
996|944
1727|945
615|946
1826|947
1789|948
1686|949
1339|950
492|951
1389|952
197|953
1678|954
208|955
1038|956
557|957
1230|958
1035|959
789|960
1291|961
1240|962
1839|963
1131|964
1955|965
1796|966
1659|967
840|968
1986|969
1782|970
1574|971
1983|972
946|973
966|974
1329|975
1822|976
398|977
171|978
1082|979
1739|980
1525|981
1617|982
912|983
694|984
925|985
333|986
1969|987
15|988
235|989
1190|990
394|991
1513|992
1874|993
372|994
225|995
1446|996
960|997
1324|998
1030|999
1928|1000
964|1001
959|1002
1800|1003
1908|1004
1798|1005
507|1006
431|1007
1191|1008
325|1009
395|1010
628|1011
386|1012
152|1013
1296|1014
1246|1015
1707|1016
346|1017
1101|1018
207|1019
1625|1020
1835|1021
1639|1022
594|1023
764|1024
1363|1025
50|1026
114|1027
580|1028
753|1029
1918|1030
844|1031
1051|1032
1118|1033
1160|1034
751|1035
545|1036
1837|1037
1006|1038
906|1039
427|1040
1902|1041
743|1042
1709|1043
1853|1044
574|1045
7|1046
1330|1047
543|1048
1098|1049
532|1050
1085|1051
1867|1052
1127|1053
1435|1054
93|1055
1321|1056
365|1057
1012|1058
533|1059
1745|1060
381|1061
1862|1062
473|1063
411|1064
1566|1065
1587|1066
1239|1067
980|1068
567|1069
727|1070
1888|1071
1316|1072
195|1073
1791|1074
1731|1075
1059|1076
1950|1077
760|1078
191|1079
1366|1080
699|1081
1581|1082
1483|1083
215|1084
825|1085
981|1086
1934|1087
1705|1088
1057|1089
1421|1090
173|1091
787|1092
475|1093
1162|1094
33|1095
48|1096
279|1097
1271|1098
293|1099
992|1100
736|1101
357|1102
1982|1103
378|1104
648|1105
1765|1106
1655|1107
1332|1108
1710|1109
1021|1110
1409|1111
1612|1112
833|1113
1148|1114
1019|1115
807|1116
360|1117
256|1118
1591|1119
565|1120
1653|1121
1570|1122
1922|1123
1136|1124
546|1125
1068|1126
853|1127
1010|1128
1766|1129
1674|1130
784|1131
635|1132
468|1133
1176|1134
614|1135
339|1136
1597|1137
1096|1138
1567|1139
1055|1140
1304|1141
571|1142
1|1143
36|1144
21|1145
562|1146
1970|1147
1292|1148
129|1149
1209|1150
1690|1151
26|1152
1720|1153
1740|1154
1327|1155
1161|1156
443|1157
830|1158
1846|1159
1577|1160
884|1161
625|1162
1593|1163
31|1164
230|1165
744|1166
1132|1167
1643|1168
528|1169
669|1170
1188|1171
1247|1172
676|1173
514|1174
1218|1175
1065|1176
1569|1177
1892|1178
1124|1179
1990|1180
1103|1181
1541|1182
870|1183
516|1184
1995|1185
771|1186
929|1187
735|1188
1863|1189
1466|1190
1905|1191
758|1192
1245|1193
1988|1194
162|1195
664|1196
965|1197
1972|1198
1811|1199
1233|1200
1432|1201
318|1202
769|1203
1464|1204
18|1205
402|1206
1303|1207
1164|1208
470|1209
260|1210
1603|1211
550|1212
1702|1213
1851|1214
442|1215
1340|1216
1770|1217
1039|1218
39|1219
1459|1220
1812|1221
369|1222
1793|1223
1046|1224
773|1225
434|1226
1999|1227
681|1228
340|1229
534|1230
86|1231
1588|1232
80|1233
1877|1234
549|1235
791|1236
757|1237
1427|1238
494|1239
1576|1240
1454|1241
1772|1242
258|1243
1575|1244
1864|1245
1298|1246
1045|1247
1430|1248
1517|1249
814|1250
916|1251
1930|1252
1944|1253
331|1254
1463|1255
1000|1256
506|1257
1713|1258
644|1259
1554|1260
391|1261
597|1262
826|1263
1941|1264
172|1265
17|1266
472|1267
1832|1268
1235|1269
1649|1270
581|1271
322|1272
535|1273
438|1274
9|1275
49|1276
118|1277
206|1278
1186|1279
1451|1280
1346|1281
575|1282
1158|1283
1529|1284
1616|1285
166|1286
1646|1287
1742|1288
383|1289
1510|1290
259|1291
1023|1292
737|1293
928|1294
1141|1295
837|1296
923|1297
320|1298
1401|1299
1850|1300
847|1301
1213|1302
128|1303
1873|1304
216|1305
591|1306
1349|1307
1482|1308
335|1309
1426|1310
899|1311
311|1312
479|1313
1184|1314
194|1315
1849|1316
1441|1317
1249|1318
315|1319
22|1320
348|1321
756|1322
1431|1323
1762|1324
1399|1325
1531|1326
1594|1327
1601|1328
1227|1329
1134|1330
1067|1331
1808|1332
798|1333
1345|1334
596|1335
113|1336
423|1337
1281|1338
1279|1339
986|1340
777|1341
167|1342
1386|1343
941|1344
607|1345
1954|1346
553|1347
1523|1348
729|1349
1285|1350
1394|1351
1666|1352
11|1353
1382|1354
1486|1355
88|1356
1840|1357
377|1358
448|1359
663|1360
976|1361
1784|1362
196|1363
1133|1364
321|1365
1080|1366
1508|1367
1072|1368
603|1369
78|1370
1419|1371
112|1372
1965|1373
1262|1374
1175|1375
190|1376
1325|1377
451|1378
1106|1379
1477|1380
934|1381
73|1382
851|1383
1962|1384
1783|1385
1453|1386
1794|1387
1412|1388
1904|1389
491|1390
292|1391
47|1392
862|1393
627|1394
30|1395
983|1396
1973|1397
224|1398
640|1399
1514|1400
435|1401
1476|1402
890|1403
659|1404
1915|1405
1221|1406
1698|1407
683|1408
181|1409
1229|1410
720|1411
1328|1412
1197|1413
953|1414
1732|1415
904|1416
900|1417
236|1418
1375|1419
874|1420
1278|1421
101|1422
1167|1423
106|1424
1781|1425
1348|1426
1196|1427
1284|1428
1223|1429
209|1430
219|1431
1099|1432
1821|1433
1640|1434
988|1435
1524|1436
1116|1437
184|1438
61|1439
485|1440
1758|1441
1033|1442
1181|1443
589|1444
1792|1445
898|1446
762|1447
1889|1448
880|1449
1028|1450
89|1451
1741|1452
817|1453
1767|1454
193|1455
338|1456
272|1457
780|1458
877|1459
518|1460
37|1461
355|1462
1438|1463
1975|1464
1042|1465
1619|1466
1580|1467
1633|1468
1966|1469
221|1470
1779|1471
714|1472
202|1473
875|1474
1100|1475
248|1476
843|1477
593|1478
336|1479
829|1480
588|1481
1368|1482
416|1483
212|1484
115|1485
483|1486
313|1487
63|1488
1480|1489
673|1490
1214|1491
366|1492
1226|1493
1545|1494
477|1495
1408|1496
1689|1497
1216|1498
1548|1499
192|1500
1338|1501
1125|1502
1919|1503
685|1504
1273|1505
1306|1506
1560|1507
1945|1508
611|1509
1958|1510
1496|1511
1670|1512
471|1513
71|1514
1935|1515
633|1516
1959|1517
1159|1518
1875|1519
583|1520
1220|1521
1528|1522
178|1523
1202|1524
927|1525
1416|1526
1490|1527
651|1528
421|1529
1756|1530
548|1531
1620|1532
1015|1533
126|1534
1484|1535
1450|1536
1491|1537
1721|1538
866|1539
738|1540
919|1541
358|1542
1433|1543
1515|1544
1139|1545
1626|1546
1893|1547
1135|1548
1602|1549
1845|1550
1413|1551
440|1552
1341|1553
881|1554
856|1555
1872|1556
930|1557
599|1558
1754|1559
1907|1560
1883|1561
820|1562
1500|1563
827|1564
1293|1565
1891|1566
529|1567
329|1568
551|1569
462|1570
1089|1571
247|1572
305|1573
1011|1574
1647|1575
869|1576
82|1577
642|1578
68|1579
1282|1580
1540|1581
270|1582
1013|1583
569|1584
297|1585
105|1586
174|1587
132|1588
1168|1589
1644|1590
454|1591
819|1592
1961|1593
938|1594
867|1595
85|1596
836|1597
541|1598
110|1599
1266|1600
991|1601
1568|1602
602|1603
1048|1604
637|1605
1123|1606
127|1607
337|1608
1215|1609
1993|1610
1776|1611
296|1612
544|1613
392|1614
379|1615
1645|1616
1810|1617
895|1618
540|1619
1201|1620
1722|1621
426|1622
1056|1623
936|1624
38|1625
341|1626
291|1627
1288|1628
203|1629
1592|1630
58|1631
1556|1632
578|1633
724|1634
343|1635
1994|1636
1673|1637
1996|1638
1939|1639
1076|1640
1971|1641
1860|1642
835|1643
1173|1644
1855|1645
149|1646
285|1647
1582|1648
613|1649
1187|1650
312|1651
1947|1652
2|1653
813|1654
1635|1655
618|1656
455|1657
1663|1658
1002|1659
345|1660
878|1661
772|1662
123|1663
1734|1664
1920|1665
245|1666
1733|1667
1834|1668
77|1669
413|1670
1977|1671
1775|1672
935|1673
1397|1674
1210|1675
1843|1676
1546|1677
1844|1678
1043|1679
1878|1680
53|1681
703|1682
702|1683
891|1684
1163|1685
109|1686
1499|1687
1714|1688
1022|1689
1692|1690
1522|1691
1981|1692
901|1693
1596|1694
262|1695
1095|1696
1706|1697
1027|1698
1224|1699
1599|1700
430|1701
456|1702
1456|1703
227|1704
1180|1705
511|1706
924|1707
576|1708
1497|1709
1785|1710
967|1711
568|1712
500|1713
1102|1714
277|1715
151|1716
70|1717
1128|1718
481|1719
1820|1720
674|1721
10|1722
723|1723
367|1724
796|1725
1963|1726
823|1727
1269|1728
1108|1729
122|1730
119|1731
466|1732
530|1733
1470|1734
1437|1735
1610|1736
1147|1737
499|1738
1621|1739
707|1740
1049|1741
917|1742
217|1743
1236|1744
658|1745
931|1746
1449|1747
1749|1748
1263|1749
87|1750
1026|1751
496|1752
646|1753
1492|1754
879|1755
417|1756
1719|1757
1069|1758
1314|1759
1257|1760
1677|1761
1632|1762
1315|1763
1334|1764
1681|1765
595|1766
67|1767
972|1768
1743|1769
652|1770
858|1771
1552|1772
1623|1773
1773|1774
667|1775
1786|1776
1831|1777
1311|1778
1675|1779
1894|1780
480|1781
978|1782
27|1783
995|1784
920|1785
1564|1786
1819|1787
932|1788
515|1789
947|1790
1901|1791
99|1792
1007|1793
283|1794
952|1795
1442|1796
1481|1797
704|1798
1590|1799
79|1800
781|1801
380|1802
44|1803
629|1804
1063|1805
1501|1806
794|1807
785|1808
730|1809
1079|1810
563|1811
276|1812
1371|1813
1469|1814
726|1815
524|1816
1630|1817
290|1818
363|1819
90|1820
754|1821
956|1822
441|1823
650|1824
732|1825
775|1826
405|1827
1208|1828
655|1829
1142|1830
214|1831
984|1832
1854|1833
1660|1834
922|1835
138|1836
1005|1837
1268|1838
1952|1839
1420|1840
641|1841
845|1842
232|1843
1300|1844
382|1845
1671|1846
600|1847
1679|1848
1479|1849
428|1850
1900|1851
1150|1852
347|1853
1555|1854
1156|1855
1897|1856
1929|1857
1183|1858
1913|1859
286|1860
1008|1861
1539|1862
186|1863
1578|1864
852|1865
1586|1866
436|1867
1866|1868
467|1869
612|1870
1404|1871
249|1872
332|1873
868|1874
1193|1875
1914|1876
689|1877
997|1878
228|1879
1062|1880
157|1881
748|1882
1847|1883
205|1884
1178|1885
876|1886
584|1887
226|1888
351|1889
1058|1890
153|1891
1746|1892
1360|1893
1648|1894
324|1895
1020|1896
661|1897
601|1898
407|1899
767|1900
1107|1901
766|1902
1071|1903
761|1904
905|1905
1694|1906
832|1907
1402|1908
130|1909
1286|1910
977|1911
688|1912
1088|1913
631|1914
81|1915
295|1916
1829|1917
1979|1918
252|1919
23|1920
940|1921
274|1922
1498|1923
1457|1924
476|1925
1879|1926
776|1927
671|1928
542|1929
275|1930
1170|1931
117|1932
668|1933
1532|1934
28|1935
1326|1936
1816|1937
998|1938
1225|1939
1813|1940
60|1941
1166|1942
51|1943
1112|1944
104|1945
1471|1946
590|1947
682|1948
1718|1949
35|1950
1526|1951
733|1952
439|1953
459|1954
1931|1955
950|1956
1624|1957
1876|1958
354|1959
1137|1960
838|1961
198|1962
902|1963
1960|1964
309|1965
955|1966
342|1967
1757|1968
800|1969
846|1970
526|1971
915|1972
623|1973
488|1974
1997|1975
1880|1976
352|1977
486|1978
1634|1979
1261|1980
1287|1981
183|1982
1724|1983
1120|1984
1172|1985
490|1986
1921|1987
400|1988
1787|1989
1305|1990
1953|1991
139|1992
1121|1993
410|1994
1182|1995
1886|1996
552|1997
1126|1998
1729|1999
1744|2000
